,Event ID,Source of PTM,Gene,UniProtKB Accession,Residue,PTM Position in Canonical Isoform,Modification Class,Inclusion Sequence,Exclusion Sequence,Region,Translation Success,dPSI,Significance,Matched,Stop Codon Introduced,Event Type,PSP:ON_PROCESS,PSP:ON_PROT_INTERACT,PSP:ON_OTHER_INTERACT,PSP:ON_FUNCTION,PSP:Disease_Association,ELM:Interactions,ELM:Location of PTM for Interaction,ELM:Motifs Associated with Interactions,PTMInt:Interaction,DEPOD:Phosphatase,RegPhos:Kinase,Combined:Interactions,Combined:Kinase
0,SE_3,P01116-1_T148;P01116-2_T148,KRAS,P01116,T,148,Phosphorylation,ETSAKtRQESG,ETSAKtRQGC*,Second,True,-0.068,0.0,False,True,SE,,,,,,,,,,,,,
1,SE_3,P01116-2_K147;P01116-1_K147,KRAS,P01116,K,147,Acetylation,IETSAkTRQES,IETSAkTRQGC,Second,True,-0.068,0.0,False,False,SE,,,,,,,,,,,,PIK3CG->DISRUPTS;RAF1->DISRUPTS;RALGDS->DISRUPTS;RASA1->DISRUPTS,
2,SE_3,P01116-2_K147;P01116-1_K147,KRAS,P01116,K,147,Ubiquitination,IETSAkTRQES,IETSAkTRQGC,Second,True,-0.068,0.0,False,False,SE,,RAF1(DISRUPTS); RASA1(DISRUPTS); RALGDS(DISRUPTS); PIK3CG(DISRUPTS),,"molecular association, regulation; enzymatic activity, induced",,,,,,,,PIK3CG->DISRUPTS;RAF1->DISRUPTS;RALGDS->DISRUPTS;RASA1->DISRUPTS,
3,SE_8,Q9UPQ0-1_S746,LIMCH1,Q9UPQ0,S,746,Phosphorylation,LPNLNsQGVAW,LPNLNsQGGFS,First,True,-0.163,0.0,False,False,SE,,,,,,,,,,,,,
4,SE_8,Q9UPQ0-6_S596;Q9UPQ0-1_S750;Q9UPQ0-10_S750,LIMCH1,Q9UPQ0,S,750,Phosphorylation,PSQVDsPSSEK,ILKVDsPSSEK,Second,True,-0.163,0.0,False,False,SE,,,,,,,,,,,,,
5,SE_11,P62847-1_K129,RPS24,P62847-1,K,129,Ubiquitination,NVGAGkKSVSW,NVGAGkKAEGV,First,True,-0.21,0.0,False,False,SE,,,,,,,,,,,,,
6,SE_11,P62847-1_K130,RPS24,P62847-1,K,130,Acetylation,VGAGKkSVSWR,VGAGKkAEGVK,First,True,-0.21,0.0,False,False,SE,,,,,,,,,,,,,
7,SE_11,P62847-1_K132,RPS24,P62847-1,K,132,Acetylation,LDHRPkE*RCC,LAKRPkE*RCC,Second,True,-0.21,0.0,False,True,SE,,,,,,,,,,,,,
8,SE_13,O60763-1_S483,USO1,O60763,S,483,Phosphorylation,CTNILsQG**D,CTNILsQGKQN,First,True,-0.535,0.0,False,True,SE,,,,,,,,,,,,,
9,SE_13,O60763-1_S486,USO1,O60763,S,486,Phosphorylation,STDGGsKIQTR,FFHRGsKIQTR,Second,True,-0.535,0.0,False,False,SE,,,,,,,,,,,,,
10,SE_14,Q13444-5_K759;Q13444-12_K769;Q13444-11_K465;Q13444-2_K759,ADAM15,Q13444-5,K,759,Ubiquitination,LARGTkAG*CS,LARGTkVSGAS,First,True,-0.09,0.0,False,True,SE,,,,,,,,,,,,,
11,SE_15,Q13444-5_K759;Q13444-12_K769;Q13444-11_K465;Q13444-2_K759,ADAM15,Q13444-5,K,759,Ubiquitination,LARGTkG*AG*,LARGTkVSGAS,First,True,-0.148,0.0,False,True,SE,,,,,,,,,,,,,
12,SE_16,Q13444-5_K759;Q13444-12_K769;Q13444-11_K465;Q13444-2_K759,ADAM15,Q13444-5,K,759,Ubiquitination,LARGTkG*CSQ,LARGTkVSGAS,First,True,-0.087,0.0,False,True,SE,,,,,,,,,,,,,
13,SE_19,Q8IVM0-1_Y146,CCDC50,Q8IVM0,Y,146,Phosphorylation,ADSYYyEDGGP,ADSYYyEDGGN,First,True,-0.513,0.0,False,False,SE,,EGFR(INDUCES),,"molecular association, regulation",,,,,EGFR->Enhance,,,EGFR->INDUCES,
14,SE_19,Q8IVM0-1_K152,CCDC50,Q8IVM0,K,152,Ubiquitination,MTQGMkPRVMK,KMEGMkPRVMK,Second,True,-0.513,0.0,False,False,SE,,,,,,,,,,,,,
15,SE_22,O43795-1_T793,MYO1B,O43795,T,793,Phosphorylation,AYWHGtQGTKG,AYWHGtQGT*R,First,True,0.471,0.0,False,True,SE,,,,,,,,,,,,,
16,SE_23,O43795-1_T793,MYO1B,O43795,T,793,Phosphorylation,AYWHGtQGSKG,AYWHGtQGT*R,First,True,0.43,0.0,False,True,SE,,,,,,,,,,,,,
17,SE_25,P16070-1_T222,CD44,P16070,T,222,Phosphorylation,DRIPAtR*E*C,DRIPAtRRPRH,First,True,-0.539,0.0,False,True,SE,,,,,,,,,,,,,
18,SE_26,P16070-1_T222,CD44,P16070,T,222,Phosphorylation,DRIPAtRYVFK,DRIPAtRRPRH,First,True,-0.68,0.0,False,False,SE,,,,,,,,,,,,,
19,SE_27,P16070-1_T222,CD44,P16070,T,222,Phosphorylation,DRIPAtRYGLQ,DRIPAtRRPRH,First,True,-0.544,0.0,False,False,SE,,,,,,,,,,,,,
20,SE_28,Q06481-1_T367,APLP2,Q06481,T,367,Glycosylation,R*VPPtPLPTN,SKVPPtPLPTN,Second,True,-0.284,0.0,False,True,SE,,,,,,,,,,,,,
21,SE_29,Q9BV36-2_S336;Q9BV36-1_S336,MLPH,Q9BV36,S,336,Phosphorylation,RRGRAsSESQD,RRGRAsSESQG,First,True,0.364,0.0,False,False,SE,,,,,,,,,,,,,
22,SE_29,Q9BV36-2_S337;Q9BV36-1_S337,MLPH,Q9BV36,S,337,Phosphorylation,RGRASsESQDL,RGRASsESQGS,First,True,0.364,0.0,False,False,SE,,,,,,,,,,,,,
23,SE_29,Q9BV36-1_S339,MLPH,Q9BV36,S,339,Phosphorylation,RASSEsQDL*A,RASSEsQGSRC,First,True,0.364,0.0,False,True,SE,,,,,,,,,,,,,
24,SE_30,P04818-1_S151,TYMS,P04818,S,151,Phosphorylation,YRDMEsGLFRT,YRDMEsGSSSD,First,True,0.051,0.0,False,False,SE,,,,,,,,,,,,,
25,SE_34,O60716-1_T932,CTNND1,O60716,T,932,Phosphorylation,EPLKGtTPLMA,EPLKGtTPLMA,First,True,-0.111,0.0,True,False,SE,,,,,,,,,,,,,
26,SE_34,O60716-1_T933;O60716-3_T933,CTNND1,O60716,T,933,Phosphorylation,PLKGTtPLMAG,PLKGTtPLMAE,First,True,-0.111,0.0,False,False,SE,,,,,,,,,,,,,
27,SE_37,Q27J81-1_S1229;Q27J81-2_S1229,INF2,Q27J81,S,1229,Phosphorylation,KRPSRsQEGTF,KRPSRsQEGPQ,First,True,-0.508,0.0,False,False,SE,,,,,,,,,,,,,
28,SE_38,Q27J81-1_S1229;Q27J81-2_S1229,INF2,Q27J81,S,1229,Phosphorylation,KRPSRsQEGGS,KRPSRsQEGPQ,First,True,-0.208,0.0,False,False,SE,,,,,,,,,,,,,
29,SE_39,P02751-1_T1271,FN1,P02751-1,T,1271,Phosphorylation,AVPPPtDLRFT,AVPPPtDLRFT,First,True,0.229,0.0,True,False,SE,,,,,,,,,,,,,
30,SE_40,Q96N67-1_S958,DOCK7,Q96N67,S,958,Phosphorylation,RAMDRsCNRMS,RAMDRsCNRMS,First,True,0.39,0.0,True,False,SE,,,,,,,,,,,,,
31,SE_40,Q96N67-3_K922,DOCK7,Q96N67-3,K,922,Ubiquitination,SIIGSkGFRSL,SIIGSkGYGSK,Second,True,0.39,0.0,False,False,SE,,,,,,,,,,,,,
32,SE_40,Q96N67-3_S921,DOCK7,Q96N67-3,S,921,Phosphorylation,RSIIGsKGFRS,RSIIGsKGYGS,Second,True,0.39,0.0,False,False,SE,,,,,,,,,,,,,
33,SE_41,Q86X29-1_Y309,LSR,Q86X29,Y,309,Phosphorylation,APRPVyAAGKA,SSSLVyAAGKA,Second,True,0.308,0.0,False,False,SE,,,,,,,,,,,,,
34,SE_42,Q14160-1_T730,SCRIB,Q14160,T,730,Phosphorylation,KRLTLtILRQT,SRLTLtILRQT,First,True,0.395,0.0,False,False,SE,,,,,,,,,,,,,
35,SE_42,Q14160-1_T728,SCRIB,Q14160,T,728,Phosphorylation,RRKRLtLTILR,PLSRLtLTILR,First,True,0.395,0.0,False,False,SE,,,,,,,,,,,,,
36,SE_42,Q14160-1_K705,SCRIB,Q14160,K,705,Ubiquitination,SAPSVkGSVV*,SAPSVkADPHY,Second,True,0.395,0.0,False,True,SE,,,,,,,,,,,,,
37,SE_42,Q14160-1_S703,SCRIB,Q14160,S,703,Phosphorylation,VVSAPsVKGSV,VVSAPsVKADP,Second,True,0.395,0.0,False,False,SE,,,,,,,,,,,,,
38,SE_46,Q6WCQ1-2_S1014;Q6WCQ1-1_S1014,MPRIP,Q6WCQ1,S,1014,Phosphorylation,LRNIRsKVRN*,LRNIRsKESEG,First,True,0.19,1.28349340612e-12,False,True,SE,,,,,,,,,,,,,
39,SE_46,Q6WCQ1-2_S1016,MPRIP,Q6WCQ1-2,S,1016,Phosphorylation,GPCRRsLKEGL,TSGPRsLKEGL,Second,True,0.19,1.28349340612e-12,False,False,SE,,,,,,,,,,,,,
40,SE_48,Q6ZNJ1-1_K344,NBEAL2,Q6ZNJ1,K,344,Ubiquitination,LIQNSkAVPAV,LIQNSkGPGPR,First,True,-0.314,2.15443536028e-12,False,False,SE,,,,,,,,,,,,,
41,SE_49,Q9H1H9-1_S1529;Q9H1H9-2_S1494,KIF13A,Q9H1H9,S,1529,Phosphorylation,RRRLDsEEEEN,*ARRDsEEEEN,First,True,-0.425,2.71458855395e-12,False,True,SE,,,,,,,,,,,,,
42,SE_49,Q9H1H9-1_S1490,KIF13A,Q9H1H9,S,1490,Phosphorylation,ARPLLsQEEHA,ARPLLsQEGL*,Second,True,-0.425,2.71458855395e-12,False,True,SE,,,,,,,,,,,,,
43,SE_51,O43663-1_K602,PRC1,O43663,K,602,Ubiquitination,RRELSkASKSD,RRELSkASKSD,First,True,0.236,3.50924375029e-11,True,False,SE,,,,,,,,,,,,,
44,SE_51,O43663-1_S601,PRC1,O43663,S,601,Phosphorylation,FRRELsKASKS,LRRELsKASKS,First,True,0.236,3.50924375029e-11,False,False,SE,,,,,,,,,,,,,
45,SE_51,O43663-1_S580,PRC1,O43663,S,580,Phosphorylation,VASTYsEFAEG,VASTYsEFAAR,Second,True,0.236,3.50924375029e-11,False,False,SE,,,,,,,,,,,,,
46,SE_53,P10586-1_T816,PTPRF,P10586,T,816,Phosphorylation,PKIVTtTGAGP,PKIVTtTGAGV,First,True,-0.059,5.9765632772e-11,False,False,SE,,,,,,,,,,,,,
47,SE_53,P10586-1_T817,PTPRF,P10586,T,817,Phosphorylation,KIVTTtGAGPR,KIVTTtGAGVC,First,True,-0.059,5.9765632772e-11,False,False,SE,,,,,,,,,,,,,
48,SE_57,P35240-1_K579,NF2,P35240,K,579,Ubiquitination,HNTIKkASSPR,HNTIKkAHLAE,First,True,-0.188,6.00771729299e-10,False,False,SE,,,,,,,,,,,,,
49,SE_57,P35240-1_T581,NF2,P35240,T,581,Phosphorylation,EPSKLtLQSAK,PLKRLtLQSAK,Second,True,-0.188,6.00771729299e-10,False,False,SE,,,,,,,,,,,,,
50,SE_58,P13688-1_T457;P13688-8_T457,CEACAM1,P13688,T,457,Phosphorylation,LHFGKtGRGKR,LHFGKtGRLRT,Second,True,0.525,1.73943268451e-09,False,False,SE,"apoptosis, altered",Calmodulin(DISRUPTS),,"molecular association, regulation; activity, inhibited",,,,,,,,CALM1->DISRUPTS,
51,SE_59,Q14160-1_T730,SCRIB,Q14160,T,730,Phosphorylation,KRLTLtILRQT,RRLTLtILRQT,First,True,0.334,2.09852776267e-09,False,False,SE,,,,,,,,,,,,,
52,SE_59,Q14160-1_T728,SCRIB,Q14160,T,728,Phosphorylation,RRKRLtLTILR,TTRRLtLTILR,First,True,0.334,2.09852776267e-09,False,False,SE,,,,,,,,,,,,,
53,SE_59,Q14160-1_Y564,SCRIB,Q14160,Y,564,Phosphorylation,DAEEDyQEGSV,DAEEDyQEADP,Second,True,0.334,2.09852776267e-09,False,False,SE,,,,,,,,,,,,,
54,SE_61,P60660-2_Y141,MYL6,P60660-2,Y,141,Phosphorylation,NGCINyEGVCE,NGCINyEGARP,First,True,-0.116,7.75275301841e-09,False,False,SE,,,,,,,,,,,,,
55,SE_63,Q9ULT0-1_K172,TTC7A,Q9ULT0,K,172,Ubiquitination,EAFVIkGMPPA,EAFVIkGPLSG,First,True,0.137,1.07318148014e-08,False,False,SE,,,,,,,,,,,,,
56,SE_65,Q9H201-1_S258,EPN3,Q9H201,S,258,Phosphorylation,RREVRsWQGDG,RREVRsWQGDG,Second,True,-0.314,2.41045409558e-08,True,False,SE,,,,,,,,,,,,,
57,SE_66,O60716-1_S8,CTNND1,O60716,S,8,Phosphorylation,*QEVEsTASIL,FEEVEsTASIL,Second,True,0.369,2.79458563289e-08,False,True,SE,,,,,,,,,,,,,
58,SE_68,P15529-1_K375,CD46,P15529,K,375,Ubiquitination,QRRKKkGHIPN,QRRKKkGESRW,First,True,0.132,4.01541632907e-08,False,False,SE,,,,,,,,,,,,,
59,SE_68,P15529-4_K347;P15529-16_K314;P15529-2_K377,CD46,P15529-4,K,347,Ubiquitination,LSLKGkADGGA,GRRKGkADGGA,Second,True,0.132,4.01541632907e-08,False,False,SE,,,,,,,,,,,,,
60,SE_70,P35240-1_K579,NF2,P35240,K,579,Ubiquitination,HNTIKkASSPR,HNTIKkAHLAE,First,True,-0.382,8.96855027489e-08,False,False,SE,,,,,,,,,,,,,
61,SE_70,P35240-1_T581,NF2,P35240,T,581,Phosphorylation,VVPRLtLQSAK,PLKRLtLQSAK,Second,True,-0.382,8.96855027489e-08,False,False,SE,,,,,,,,,,,,,
62,SE_75,P16070-1_S305,CD44,P16070,S,305,Phosphorylation,DEDFIsSTSSL,DEDFIsSTRYG,First,True,-0.36,2.52373690538e-07,False,False,SE,,,,,,,,,,,,,
63,SE_76,Q9NNX1-1_T50,TUFT1,Q9NNX1,T,50,Phosphorylation,RAGRKtYAMVS,RAGRKtYAMVS,Second,True,-0.326,3.01442719876e-07,True,False,SE,,,,,,,,,,,,,
64,SE_79,Q8N8S7-1_T538,ENAH,Q8N8S7,T,538,Phosphorylation,TGPKStPLSQP,PGPKStPLSQP,First,True,-0.248,4.0095340102e-07,False,False,SE,,,,,,,,,,,,,
65,SE_79,Q8N8S7-1_S537,ENAH,Q8N8S7,S,537,Phosphorylation,YTGPKsTPLSQ,SPGPKsTPLSQ,First,True,-0.248,4.0095340102e-07,False,False,SE,,,,,,,,,,,,,
66,SE_79,Q8N8S7-1_K536,ENAH,Q8N8S7,K,536,Ubiquitination,HYTGPkSTPLS,LSPGPkSTPLS,First,True,-0.248,4.0095340102e-07,False,False,SE,,,,,,,,,,,,,
67,SE_79,Q8N8S7-1_S512;Q8N8S7-2_S512,ENAH,Q8N8S7,S,512,Phosphorylation,KSPVIsRTGFS,KSPVIsRTKIH,Second,True,-0.248,4.0095340102e-07,False,False,SE,,,,,,,,,,,,,
68,SE_83,Q08AE8-1_Y551,SPIRE1,Q08AE8,Y,551,Phosphorylation,REEFCyPVECL,LEEFCyPVECL,First,True,-0.217,7.84906852803e-07,False,False,SE,,,,,,,,,,,,,
69,SE_83,Q08AE8-1_S545,SPIRE1,Q08AE8,S,545,Phosphorylation,RQSSRsLGS*D,RQSSRsLGGIL,Second,True,-0.217,7.84906852803e-07,False,True,SE,,,,,,,,,,,,,
70,SE_86,Q99447-1_K179,PCYT2,Q99447,K,179,Ubiquitination,ADSFGkAPSPD,ADSFGkVPWWA,Second,True,-0.372,3.05344842431e-06,False,False,SE,,,,,,,,,,,,,
71,SE_86,Q99447-1_S176,PCYT2,Q99447,S,176,Phosphorylation,REYADsFGKAP,REYADsFGKVP,Second,True,-0.372,3.05344842431e-06,False,False,SE,,,,,,,,,,,,,
72,SE_88,O43663-1_K602,PRC1,O43663,K,602,Ubiquitination,RRELSkASKSD,WRELSkASKSD,First,True,0.219,5.24254024868e-06,False,False,SE,,,,,,,,,,,,,
73,SE_88,O43663-1_S601,PRC1,O43663,S,601,Phosphorylation,FRRELsKASKS,EWRELsKASKS,First,True,0.219,5.24254024868e-06,False,False,SE,,,,,,,,,,,,,
74,SE_88,O43663-1_S557,PRC1,O43663,S,557,Phosphorylation,NGSILsGRIRP,NGSILsGENFQ,Second,True,0.219,5.24254024868e-06,False,False,SE,,,,,,,,,,,,,
75,SE_88,O43663-3_S513;O43663-1_S554,PRC1,O43663,S,554,Phosphorylation,LELNGsILSGR,LELNGsILSGE,Second,True,0.219,5.24254024868e-06,False,False,SE,,,,,,,,,,,,,
76,SE_90,Q9NR56-1_T265,MBNL1,Q9NR56,T,265,Phosphorylation,AQAAAtAAAMD,AQAAAtAAAMG,First,True,-0.173,8.68094097376e-06,False,False,SE,,,,,,,,,,,,,
77,SE_91,Q07157-2_Y923,TJP1,Q07157-2,Y,923,Phosphorylation,IQQRVyRKDPY,PLNRVyRKDPY,First,True,0.156,8.7916354149e-06,False,False,SE,,,,,,,,,,,,,
78,SE_91,Q07157-1_S919,TJP1,Q07157,S,919,Phosphorylation,GFKPAsQQESR,GFKPAsQQGV*,Second,True,0.156,8.7916354149e-06,False,True,SE,,,,,,,,,,,,,
79,SE_93,Q8IZP0-1_T394,ABI1,Q8IZP0,T,394,Phosphorylation,VADSPtPPPPP,VADSPtPPPPP,First,True,0.213,1.25888507528e-05,True,False,SE,"cell motility, altered; cytoskeletal reorganization",,,"molecular association, regulation",,,,,,,,,
80,SE_93,Q8IZP0-1_S392,ABI1,Q8IZP0,S,392,Phosphorylation,KTVADsPTPPP,IQVADsPTPPP,First,True,0.213,1.25888507528e-05,False,False,SE,"cell motility, altered; cytoskeletal reorganization",,,"molecular association, regulation",,,,,,,,,
81,SE_96,P83876-1_K51,TXNL4A,P83876,K,51,Ubiquitination,YSIAEkVTIEV,YSIAEkGTSTS,Second,True,-0.272,3.21555129836e-05,False,False,SE,,,,,,,,,,,,,
82,SE_97,Q8TED4-1_K499,SLC37A2,Q8TED4,K,499,Ubiquitination,HDFWYkEI*GP,EAAGYkEI*GP,Second,True,-0.723,3.25823723092e-05,False,True,SE,,,,,,,,,,,,,
83,SE_99,P49815-2_K945,TSC2,P49815-2,K,945,Ubiquitination,LNERPkRSEDS,LNERPkRQDTD,First,True,-0.219,4.18472157275e-05,False,False,SE,,,,,,,,,,,,,
84,SE_100,P56181-2_S53,NDUFV3,P56181-2,S,53,Phosphorylation,NSKKQsPPKRC,NSKKQsPPKRA,First,True,0.094,5.93777417652e-05,False,False,SE,,,,,,,,,,,,,
85,SE_102,P35240-1_K579,NF2,P35240,K,579,Ubiquitination,HNTIKkGYVFV,HNTIKkAHLAE,First,True,-0.38,7.10555370355e-05,False,False,SE,,,,,,,,,,,,,
86,SE_102,P35240-1_T581,NF2,P35240,T,581,Phosphorylation,EPSKLtLQSAK,PLKRLtLQSAK,Second,True,-0.38,7.10555370355e-05,False,False,SE,,,,,,,,,,,,,
87,SE_104,Q9UQB8-5_S509,BAIAP2,Q9UQB8-5,S,509,Phosphorylation,DYGARsMSRRR,DYGARsMSRES,First,True,-0.34,7.16514911836e-05,False,False,SE,,,,,,,,,,,,,
88,SE_104,Q9UQB8-5_S511,BAIAP2,Q9UQB8-5,S,511,Phosphorylation,GARSMsRRRCG,GARSMsRESLC,First,True,-0.34,7.16514911836e-05,False,False,SE,,,,,,,,,,,,,
89,SE_105,Q6RW13-1_S126,AGTRAP,Q6RW13,S,126,Phosphorylation,GGFLGsSQDRS,MGFLGsSQDRS,Second,True,0.073,8.86527157995e-05,False,False,SE,,,,,,,,,,,,,
90,SE_109,Q13813-1_Y1073;Q13813-3_Y1053,SPTAN1,Q13813,Y,1073,Phosphorylation,RWKN*yHSLLE,RLTIRyHSLLE,Second,True,-0.064,0.000139885703868,False,True,SE,,,,,,,,,,,,,
91,SE_109,Q13813-1_S1075,SPTAN1,Q13813,S,1075,Phosphorylation,KN*YHsLLELG,TIRYHsLLELG,Second,True,-0.064,0.000139885703868,False,True,SE,,,,,,,,,,,,,
92,SE_114,Q8WWI1-3_T354,LMO7,Q8WWI1-3,T,354,Phosphorylation,TEADGtFSRTL,TEADGtFSRE*,First,True,0.116,0.000185088366849,False,True,SE,,,,,,,,,,,,,
93,SE_114,Q8WWI1-3_S356,LMO7,Q8WWI1-3,S,356,Phosphorylation,ADGTFsRTLSK,ADGTFsRE*VH,First,True,0.116,0.000185088366849,False,True,SE,,,,,,,,,,,,,
94,SE_114,Q8WWI1-3_S370,LMO7,Q8WWI1-3,S,370,Phosphorylation,RMGSKsMSDVS,FQGSKsMSDVS,Second,True,0.116,0.000185088366849,False,False,SE,,,,,,,,,,,,,
95,SE_115,Q6RW13-1_S126,AGTRAP,Q6RW13,S,126,Phosphorylation,LGFLGsSQDRS,MGFLGsSQDRS,Second,True,0.135,0.000185478567309,False,False,SE,,,,,,,,,,,,,
96,SE_119,P16070-1_T222,CD44,P16070,T,222,Phosphorylation,DRIPAtRYVFK,DRIPAtRYGLQ,First,True,-0.127,0.000299894370815,False,False,SE,,,,,,,,,,,,,
97,SE_123,P16070-1_T222,CD44,P16070,T,222,Phosphorylation,DRIPAtRAE*F,DRIPAtRRPRH,First,True,-0.088,0.000660083944775,False,True,SE,,,,,,,,,,,,,
98,SE_124,P16070-1_T222,CD44,P16070,T,222,Phosphorylation,DRIPAtRAE*F,DRIPAtR*E*C,First,True,-0.104,0.000668653300271,False,True,SE,,,,,,,,,,,,,
99,SE_125,Q9BX40-1_T229,LSM14B,Q9BX40,T,229,Phosphorylation,QGNRRtRNRSR,AGNRRtRNRSR,Second,True,0.104,0.000796487455302,False,False,SE,,,,,,,,,,,,,
100,SE_128,Q16222-1_K472,UAP1,Q16222,K,472,Acetylation,SITSLkDANDV,QFPGLkDANDV,Second,True,-0.139,0.000895542396475,False,False,SE,,,,,,,,,,,,,
101,SE_128,Q16222-1_K472,UAP1,Q16222,K,472,Ubiquitination,SITSLkDANDV,QFPGLkDANDV,Second,True,-0.139,0.000895542396475,False,False,SE,,,,,,,,,,,,,
102,SE_129,Q8N3D4-1_S430,EHBP1L1,Q8N3D4,S,430,Phosphorylation,DAEQRsKGPGS,DAEQRsKGTTC,First,True,-0.12,0.00138537668437,False,False,SE,,,,,,,,,,,,,
103,SE_131,Q9H8M2-5_K513,BRD9,Q9H8M2,K,513,Ubiquitination,QGKVKkELDPD,EGKVKkELDPD,First,True,-0.177,0.00218250542709,False,False,SE,,,,,,,,,,,,,
104,SE_132,Q9NV70-1_K441,EXOC1,Q9NV70,K,441,Ubiquitination,TTKESkKFGYT,TTKESkKFGSS,First,True,-0.189,0.00303184199789,False,False,SE,,,,,,,,,,,,,
105,SE_132,Q9NV70-1_S463;Q9NV70-2_S448,EXOC1,Q9NV70,S,463,Phosphorylation,RGLHGsSGKLT,LGLHGsSGKLT,Second,True,-0.189,0.00303184199789,False,False,SE,,,,,,,,,,,,,
106,SE_133,Q7Z403-1_K409,TMC6,Q7Z403,K,409,Ubiquitination,IRTRLkGAAGR,IRTRLkESRGC,Second,True,0.078,0.0033956335362,False,False,SE,,,,,,,,,,,,,
107,SE_133,Q7Z403-1_T406,TMC6,Q7Z403,T,406,Phosphorylation,QDNIRtRLKGA,QDNIRtRLKES,Second,True,0.078,0.0033956335362,False,False,SE,,,,,,,,,,,,,
108,SE_134,P42167-2_K225;P42167-1_K334,TMPO,P42167,K,334,Acetylation,LKVGEkTEERR,IRVGEkTEERR,Second,True,-0.095,0.00357667112572,False,False,SE,,,,,,,,,,,,,
109,SE_134,P42167-2_K225;P42167-1_K334,TMPO,P42167,K,334,Ubiquitination,LKVGEkTEERR,IRVGEkTEERR,Second,True,-0.095,0.00357667112572,False,False,SE,,,,,,,,,,,,,
110,SE_134,P42167-2_T226;P42167-1_T335,TMPO,P42167,T,335,Phosphorylation,KVGEKtEERRV,RVGEKtEERRV,Second,True,-0.095,0.00357667112572,False,False,SE,,,,,,,,,,,,,
111,SE_135,Q3B7T1-1_K301,C10orf137,Q3B7T1,K,301,Ubiquitination,TVRGLkNDFVR,PVRGLkNDFVR,Second,True,-0.271,0.00384033064132,False,False,SE,,,,,,,,,,,,,
112,SE_139,P30622-2_T459,CLIP1,P30622-2,T,459,Phosphorylation,TLGVAtVSEKS,ILRVAtVSEKS,First,True,0.058,0.00427500951884,False,False,SE,,,,,,,,,,,,,
113,SE_140,P16070-1_T222,CD44,P16070,T,222,Phosphorylation,DRIPAtSFDEH,DRIPAtRYGLQ,First,True,-0.063,0.00513746329616,False,False,SE,,,,,,,,,,,,,
114,SE_146,Q9BUM1-1_R138,G6PC3,Q9BUM1,R,138,Dimethylation,VATRArRPLGK,VATRArRALSW,First,True,0.121,0.00788070086659,False,False,SE,,,,,,,,,,,,,
115,SE_147,Q13129-1_K205,RLF,Q13129,K,205,Ubiquitination,ESLVNkLIAQE,RRKVNkLIAQE,Second,True,-0.114,0.00815169175834,False,False,SE,,,,,,,,,,,,,
116,SE_148,Q15149-1_T2615,PLEC,Q15149,T,2615,Phosphorylation,LRRMQtVQQEQ,RRRMQtVQQEQ,First,True,-0.075,0.00839017187432,False,False,SE,,,,,,,,,,,,,
117,SE_149,Q10567-4_K899;Q10567-3_K919,AP1B1,Q10567-4,K,899,Ubiquitination,*RLSLkCRAPE,ARLSLkCRAPE,First,True,0.36,0.00860368620819,False,True,SE,,,,,,,,,,,,,
118,SE_153,Q86X29-1_Y309,LSR,Q86X29,Y,309,Phosphorylation,APRPVyAAGKA,GP*KVyAAGKA,Second,True,0.068,0.0111190652523,False,True,SE,,,,,,,,,,,,,
119,SE_155,P49757-2_T367,NUMB,P49757-2,T,367,Phosphorylation,PHVRGtEWGQS,LPSKGtEWGQS,First,True,-0.124,0.0198570867172,False,False,SE,,,,,,,,,,,,,
120,SE_155,P49757-2_T363,NUMB,P49757-2,T,363,Phosphorylation,APQSPtFQG*W,APQSPtFQGDR,Second,True,-0.124,0.0198570867172,False,True,SE,,,,,,,,,,,,,
121,SE_158,O95297-3_Y200;O95297-1_Y200,MPZL1,O95297,Y,200,Phosphorylation,NSKRDyTGLQY,NSKRDyTGGPV,First,True,-0.061,0.0209813958148,False,False,SE,,,,,,,,,,,,,
122,SE_158,O95297-1_T201,MPZL1,O95297,T,201,Phosphorylation,SKRDYtGLQYI,SKRDYtGGPVI,First,True,-0.061,0.0209813958148,False,False,SE,,,,,,,,,,,,,
123,SE_158,O95297-3_S205,MPZL1,O95297-3,S,205,Phosphorylation,SPGAQsYMHS*,TLGAQsYMHS*,Second,True,-0.061,0.0209813958148,False,True,SE,,,,,,,,,,,,,
124,SE_158,O95297-3_Y206,MPZL1,O95297-3,Y,206,Phosphorylation,PGAQSyMHS*T,LGAQSyMHS*T,Second,True,-0.061,0.0209813958148,False,True,SE,,,,,,,,,,,,,
125,SE_158,O95297-1_Y241,MPZL1,O95297,Y,241,Phosphorylation,RGPVIyAQLDH,GGPVIyAQLDH,Second,True,-0.061,0.0209813958148,False,False,SE,"cell adhesion, altered",SHP-2(INDUCES),,"molecular association, regulation",,,,,,PTPN11,SRC,PTPN11->INDUCES;PTPN11->REGULATES;SRC->REGULATES,SRC
126,SE_159,P42167-2_K225;P42167-1_K334,TMPO,P42167,K,334,Acetylation,P*VGEkTEERR,IRVGEkTEERR,Second,True,-0.196,0.0209813958148,False,True,SE,,,,,,,,,,,,,
127,SE_159,P42167-2_K225;P42167-1_K334,TMPO,P42167,K,334,Ubiquitination,P*VGEkTEERR,IRVGEkTEERR,Second,True,-0.196,0.0209813958148,False,True,SE,,,,,,,,,,,,,
128,SE_159,P42167-2_T226;P42167-1_T335,TMPO,P42167,T,335,Phosphorylation,*VGEKtEERRV,RVGEKtEERRV,Second,True,-0.196,0.0209813958148,False,True,SE,,,,,,,,,,,,,
129,SE_161,O43318-1_T403,MAP3K7,O43318,T,403,Phosphorylation,RIAATtGLFQA,RIAATtGQRTA,Second,True,-0.257,0.0229646836607,False,False,SE,,,,,,,,,,,,,
130,SE_163,Q7KZI7-1_K641,MARK2,Q7KZI7,K,641,Ubiquitination,SKFTSkFVRRK,SKFTSkFVRRT,First,True,-0.452,0.0252377014491,False,False,SE,,,,,,,,,,,,,
131,SE_166,O43663-1_S580,PRC1,O43663,S,580,Phosphorylation,VASTYsEFAEG,VASTYsEFAGQ,Second,True,0.203,0.0330240714063,False,False,SE,,,,,,,,,,,,,
132,SE_168,Q9BQ69-1_Y321,MACROD1,Q9BQ69,Y,321,Phosphorylation,SRLPHyFPVGL,SRLPHyFPVGP,Second,True,-0.088,0.034524985452,False,False,SE,,,,,,,,,,,,,
133,SE_170,O94979-1_K503,SEC31A,O94979,K,503,Ubiquitination,EDLGKkGS*RL,EDLGKkAH*RG,Second,True,0.167,0.0352135920968,False,True,SE,,,,,,,,,,,,,
134,SE_171,P55899-1_S334,FCGRT,P55899,S,334,Phosphorylation,QAPWIsLRGDD,WAPWIsLRGDD,Second,True,0.091,0.0352135920968,False,False,SE,,,,,,,,,,,,,
135,SE_172,Q14247-3_S261;Q14247-1_S261;Q14247-2_S261,CTTN,Q14247,S,261,Phosphorylation,LQLHEsQKGL*,LQLHEsQKGLL,First,True,0.09,0.0355211287599,False,True,SE,,DYN2(INDUCES),,"molecular association, regulation",,,,,,,,DNM2->INDUCES,
136,SE_172,Q14247-1_K263,CTTN,Q14247,K,263,Ubiquitination,LHESQkGL*DW,LHESQkGLLQR,First,True,0.09,0.0355211287599,False,True,SE,,,,,,,,,,,,,
137,SE_172,Q14247-1_Y302;Q14247-3_Y265,CTTN,Q14247,Y,302,Phosphorylation,SPSKDySKGFG,NPKKDySKGFG,Second,True,0.09,0.0355211287599,False,False,SE,,,,,,,,,,,,,
138,SE_172,Q14247-1_S303;Q14247-3_S266,CTTN,Q14247,S,303,Phosphorylation,PSKDYsKGFGG,PKKDYsKGFGG,Second,True,0.09,0.0355211287599,False,False,SE,,,,,,,,,,,,,
139,SE_172,Q14247-1_K304,CTTN,Q14247,K,304,Acetylation,SKDYSkGFGGK,KKDYSkGFGGK,Second,True,0.09,0.0355211287599,False,False,SE,,,,,,,,,,,,,
140,SE_172,Q14247-1_K304,CTTN,Q14247,K,304,Ubiquitination,SKDYSkGFGGK,KKDYSkGFGGK,Second,True,0.09,0.0355211287599,False,False,SE,,,,,,,,,,,,,
141,SE_173,Q8WWI1-3_T354,LMO7,Q8WWI1-3,T,354,Phosphorylation,TEADGtFSR*S,TEADGtFSRE*,First,True,0.133,0.0357958050902,False,True,SE,,,,,,,,,,,,,
142,SE_173,Q8WWI1-3_S356,LMO7,Q8WWI1-3,S,356,Phosphorylation,ADGTFsR*SEE,ADGTFsRE*VH,First,True,0.133,0.0357958050902,False,True,SE,,,,,,,,,,,,,
143,SE_173,Q8WWI1-3_S370,LMO7,Q8WWI1-3,S,370,Phosphorylation,DSGSKsMSDVS,FQGSKsMSDVS,Second,True,0.133,0.0357958050902,False,False,SE,,,,,,,,,,,,,
144,SE_174,Q9H8M2-5_K513,BRD9,Q9H8M2,K,513,Ubiquitination,QGKVKkELDPD,WGKVKkELDPD,First,True,-0.087,0.0361457107738,False,False,SE,,,,,,,,,,,,,
145,SE_176,P56945-1_Y306,BCAR1,P56945,Y,306,Phosphorylation,GVSGVyDVPPS,MARRVyDVPPS,First,True,-0.07,0.0458775672499,False,False,SE,"cell growth, induced",,,,breast cancer->increased,,,,,,FGFR1,FGFR1->REGULATES,FGFR1
146,SE_176,P56945-1_Y262,BCAR1,P56945,Y,262,Phosphorylation,LLPSQyGQEGV,LLPSQyGQEGL,Second,True,-0.07,0.0458775672499,False,False,SE,,,,,,,,,,,,,
147,5ASS_0,Q13444-1_S806,ADAM15,Q13444,S,806,Phosphorylation,DPVVRsPKGNG,DPVVRsPKVSG,First,True,0.309,0.0,False,False,5ASS,,,,,,,,,,,,,
148,5ASS_3,Q12824-2_S67,SMARCB1,Q12824-2,S,67,Phosphorylation,KIVASsHG*KN,KIVASsHGSRI,First,True,0.174,2.39143669866e-07,False,True,5ASS,,,,,,,,,,,,,
149,5ASS_4,Q6NXG1-1_S543;Q6NXG1-3_S543,ESRP1,Q6NXG1,S,543,Phosphorylation,NRNGLsPPPL*,NRNGLsPPPWP,First,True,0.178,0.00518586398004,False,True,5ASS,,,,,,,,,,,,,
150,5ASS_4,Q6NXG1-1_S553,ESRP1,Q6NXG1,S,553,Phosphorylation,SYHGLsPPSYT,HRHGLsPPSYT,Second,True,0.178,0.00518586398004,False,False,5ASS,,,,,,,,,,,,,
151,3ASS_5,P23497-1_S512,SP100,P23497,S,512,Phosphorylation,ESSQAsDMMGI,ESSQAsDMMGF,First,True,0.395,0.395,False,False,3ASS,,,,,,,,,,,,,
152,3ASS_5,P23497-2_S451;P23497-1_S451,SP100,P23497,S,451,Phosphorylation,FQKGFsSSDFS,T*WGFsSSDFS,Second,True,0.395,0.395,False,True,3ASS,,,,,,,,,,,,,
153,3ASS_5,P23497-1_S452,SP100,P23497,S,452,Phosphorylation,QKGFSsSDFSD,*WGFSsSDFSD,Second,True,0.395,0.395,False,True,3ASS,,,,,,,,,,,,,
154,3ASS_5,P23497-2_S453;P23497-1_S453,SP100,P23497,S,453,Phosphorylation,KGFSSsDFSDL,WGFSSsDFSDL,Second,True,0.395,0.395,False,False,3ASS,,,,,,,,,,,,,
155,RI_2,Q9NZ71-1_S882,RTEL1,Q9NZ71,S,882,Phosphorylation,KIRLVsHPGA*,KIRLVsHPGGA,First,True,-0.162,0.00224515976552,False,True,RI,,,,,,,,,,,,,
156,RI_5,Q8TED4-1_K499,SLC37A2,Q8TED4,K,499,Ubiquitination,LHAGYkEI*GP,EAAGYkEI*GP,Second,True,-0.57,0.0361432536442,False,True,RI,,,,,,,,,,,,,
