,Region ID,dPSI,Significance,Gene,Source of PTM,UniProtKB Accession,Residue,PTM Position in Canonical Isoform,Gene Location (hg19),Modification,Modification Class,Proximity to Region Start (bp),Proximity to Region End (bp),Proximity to Splice Boundary (bp),Event Type,PSP:ON_PROCESS,PSP:ON_PROT_INTERACT,PSP:ON_OTHER_INTERACT,PSP:ON_FUNCTION,PSP:Disease_Association,ELM:Interactions,ELM:Location of PTM for Interaction,ELM:Motifs Associated with Interactions,PTMInt:Interaction,DEPOD:Phosphatase,RegPhos:Kinase,Combined:Interactions,Combined:Kinase
0,SE_1,0.413,0.0,ARHGAP17,Q68EM7-1_S575,Q68EM7,S,575.0,24950686.0,Phosphoserine,Phosphorylation,2.0,232.0,2.0,SE,,,,,,,,,,,,,
1,SE_1,0.413,0.0,ARHGAP17,Q68EM7-1_S570,Q68EM7,S,570.0,24950701.0,Phosphoserine,Phosphorylation,17.0,217.0,17.0,SE,,,,,,,,,,,,,
2,SE_1,0.413,0.0,ARHGAP17,Q68EM7-1_S560,Q68EM7,S,560.0,24950731.0,Phosphoserine,Phosphorylation,47.0,187.0,47.0,SE,,,,,,,,,,,,,
3,SE_1,0.413,0.0,ARHGAP17,Q68EM7-1_S553,Q68EM7,S,553.0,24950752.0,Phosphoserine,Phosphorylation,68.0,166.0,68.0,SE,,,,,,,,,,,,,
4,SE_1,0.413,0.0,ARHGAP17,Q68EM7-1_S547,Q68EM7,S,547.0,24950770.0,Phosphoserine,Phosphorylation,86.0,148.0,86.0,SE,,,,,,,,,,,,,
5,SE_1,0.413,0.0,ARHGAP17,Q68EM7-1_S520,Q68EM7,S,520.0,24950851.0,Phosphoserine,Phosphorylation,167.0,67.0,67.0,SE,,,,,,,,,,,,,
6,SE_2,-0.361,0.0,ITGA6,P23229-2_Y1050,P23229-2,Y,1050.0,173366533.0,Phosphotyrosine,Phosphorylation,34.0,96.0,34.0,SE,,,,,,,,,,,,,
7,SE_2,-0.361,0.0,ITGA6,P23229-2_T1053,P23229-2,T,1053.0,173366542.0,Phosphothreonine,Phosphorylation,43.0,87.0,43.0,SE,,,,,,,,,,,,,
8,SE_2,-0.361,0.0,ITGA6,P23229-2_Y1054,P23229-2,Y,1054.0,173366545.0,Phosphotyrosine,Phosphorylation,46.0,84.0,46.0,SE,,,,,,,,,,,,,
9,SE_2,-0.361,0.0,ITGA6,P23229-2_K1056,P23229-2,K,1056.0,173366551.0,Ubiquitination,Ubiquitination,52.0,78.0,52.0,SE,,,,,,,,,,,,,
10,SE_2,-0.361,0.0,ITGA6,P23229-2_S1064,P23229-2,S,1064.0,173366575.0,Phosphoserine,Phosphorylation,76.0,54.0,54.0,SE,,,,,,,,,,,,,
11,SE_2,-0.361,0.0,ITGA6,P23229-2_K1066,P23229-2,K,1066.0,173366581.0,Ubiquitination,Ubiquitination,82.0,48.0,48.0,SE,,,,,,,,,,,,,
12,SE_2,-0.361,0.0,ITGA6,P23229-2_T1070,P23229-2,T,1070.0,173366593.0,Phosphothreonine,Phosphorylation,94.0,36.0,36.0,SE,,,,,,,,,,,,,
13,SE_3,-0.068,0.0,KRAS,P01116-1_C186,P01116,C,186.0,25368389.0,Cysteine methyl ester;S-methylcysteine,Methylation,19.0,105.0,19.0,SE,,,,,,,,,,,,,
14,SE_3,-0.068,0.0,KRAS,P01116-1_C180,P01116,C,180.0,25368407.0,Palmitoylation,Palmitoylation,37.0,87.0,37.0,SE,,,,,,,,,,,,,
15,SE_3,-0.068,0.0,KRAS,P01116-1_Y157,P01116,Y,157.0,25368476.0,Phosphotyrosine,Phosphorylation,106.0,18.0,18.0,SE,,,,,,,,,,,,,
16,SE_5,0.312,0.0,EXOC7,Q9UPT5-1_K291,Q9UPT5-1,K,291.0,74087254.0,Ubiquitination,Ubiquitination,31.0,62.0,31.0,SE,,,,,,,,,,,,,
17,SE_5,0.312,0.0,EXOC7,Q9UPT5-3_S283,Q9UPT5,S,283.0,74087278.0,Phosphoserine,Phosphorylation,55.0,38.0,38.0,SE,,,,,,,,,,,,,
18,SE_5,0.312,0.0,EXOC7,Q9UPT5-3_K280,Q9UPT5,K,280.0,74087287.0,Ubiquitination,Ubiquitination,64.0,29.0,29.0,SE,,,,,,,,,,,,,
19,SE_5,0.312,0.0,EXOC7,Q9UPT5-3_K274,Q9UPT5,K,274.0,74087305.0,Ubiquitination,Ubiquitination,82.0,11.0,11.0,SE,,,,,,,,,,,,,
20,SE_5,0.312,0.0,EXOC7,Q9UPT5-3_T271,Q9UPT5,T,271.0,74087314.0,Phosphothreonine,Phosphorylation,91.0,2.0,2.0,SE,,,,,,,,,,,,,
21,SE_8,-0.163,0.0,LIMCH1,Q9UPQ0-4_S754,Q9UPQ0-4,S,754.0,41672788.0,Phosphoserine,Phosphorylation,54.0,21.0,21.0,SE,,,,,,,,,,,,,
22,SE_9,0.362,0.0,CLSTN1,O94985-1_N515,O94985,N,515.0,9797589.0,N-Glycosylation,Glycosylation,34.0,23.0,23.0,SE,,,,,,,,,,,,,
23,SE_10,0.513,0.0,OSBPL3,Q9H4L5-1_T288,Q9H4L5,T,288.0,24902827.0,Phosphothreonine,Phosphorylation,9.0,84.0,9.0,SE,,,,,,,,,,,,,
24,SE_10,0.513,0.0,OSBPL3,Q9H4L5-1_S278,Q9H4L5,S,278.0,24902857.0,Phosphoserine,Phosphorylation,39.0,54.0,39.0,SE,,,,,,,,,,,,,
25,SE_10,0.513,0.0,OSBPL3,Q9H4L5-1_S272,Q9H4L5,S,272.0,24902875.0,Phosphoserine,Phosphorylation,57.0,36.0,36.0,SE,,,,,,,,,,,,,
26,SE_10,0.513,0.0,OSBPL3,Q9H4L5-1_S265,Q9H4L5,S,265.0,24902896.0,Phosphoserine,Phosphorylation,78.0,15.0,15.0,SE,,,,,,,,,,,,,
27,SE_10,0.513,0.0,OSBPL3,Q9H4L5-1_S262,Q9H4L5,S,262.0,24902905.0,Phosphoserine,Phosphorylation,87.0,6.0,6.0,SE,,,,,,,,,,,,,
28,SE_14,-0.09,0.0,ADAM15,Q13444-1_S762,Q13444,S,762.0,155033897.0,Phosphoserine,Phosphorylation,7.0,68.0,7.0,SE,,,,,,,,,,,,,
29,SE_15,-0.148,0.0,ADAM15,Q13444-1_S806,Q13444,S,806.0,155034443.0,Phosphoserine,Phosphorylation,64.0,8.0,8.0,SE,,,,,,,,,,,,,
30,SE_16,-0.087,0.0,ADAM15,Q13444-1_S762,Q13444,S,762.0,155033897.0,Phosphoserine,Phosphorylation,4.0,68.0,4.0,SE,,,,,,,,,,,,,
31,SE_17,0.569,0.0,ADAM15,Q13444-1_S806,Q13444,S,806.0,155034443.0,Phosphoserine,Phosphorylation,64.0,150.0,64.0,SE,,,,,,,,,,,,,
32,SE_18,0.205,0.0,LAS1L,Q9Y4W2-1_Y115,Q9Y4W2,Y,115.0,64753509.0,Phosphotyrosine,Phosphorylation,20.0,106.0,20.0,SE,,,,,,,,,,,,,
33,SE_18,0.205,0.0,LAS1L,Q9Y4W2-1_K98,Q9Y4W2,K,98.0,64753560.0,Ubiquitination,Ubiquitination,71.0,55.0,55.0,SE,,,,,,,,,,,,,
34,SE_18,0.205,0.0,LAS1L,Q9Y4W2-1_T91,Q9Y4W2,T,91.0,64753581.0,Phosphothreonine,Phosphorylation,92.0,34.0,34.0,SE,,,,,,,,,,,,,
35,SE_18,0.205,0.0,LAS1L,Q9Y4W2-1_S90,Q9Y4W2,S,90.0,64753584.0,Phosphoserine,Phosphorylation,95.0,31.0,31.0,SE,,,,,,,,,,,,,
36,SE_19,-0.513,0.0,CCDC50,Q8IVM0-2_S154,Q8IVM0-2,S,154.0,191092862.0,Phosphoserine,Phosphorylation,12.0,516.0,12.0,SE,,,,,,,,,,,,,
37,SE_19,-0.513,0.0,CCDC50,Q8IVM0-2_K201,Q8IVM0-2,K,201.0,191093003.0,Ubiquitination,Ubiquitination,153.0,375.0,153.0,SE,,,,,,,,,,,,,
38,SE_19,-0.513,0.0,CCDC50,Q8IVM0-2_S203,Q8IVM0-2,S,203.0,191093009.0,Phosphoserine,Phosphorylation,159.0,369.0,159.0,SE,,,,,,,,,,,,,
39,SE_19,-0.513,0.0,CCDC50,Q8IVM0-2_S209,Q8IVM0-2,S,209.0,191093027.0,Phosphoserine,Phosphorylation,177.0,351.0,177.0,SE,,,,,,,,,,,,,
40,SE_19,-0.513,0.0,CCDC50,Q8IVM0-2_S276,Q8IVM0-2,S,276.0,191093228.0,Phosphoserine,Phosphorylation,378.0,150.0,150.0,SE,,,,,,,,,,,,,
41,SE_19,-0.513,0.0,CCDC50,Q8IVM0-2_S280,Q8IVM0-2,S,280.0,191093240.0,Phosphoserine,Phosphorylation,390.0,138.0,138.0,SE,,,,,,,,,,,,,
42,SE_19,-0.513,0.0,CCDC50,Q8IVM0-2_Y292,Q8IVM0-2,Y,292.0,191093276.0,Phosphotyrosine,Phosphorylation,426.0,102.0,102.0,SE,,,,,,,,,,,,,
43,SE_19,-0.513,0.0,CCDC50,Q8IVM0-2_T310,Q8IVM0-2,T,310.0,191093330.0,Phosphothreonine,Phosphorylation,480.0,48.0,48.0,SE,,,,,,,,,,,,,
44,SE_19,-0.513,0.0,CCDC50,Q8IVM0-2_S314,Q8IVM0-2,S,314.0,191093342.0,Phosphoserine,Phosphorylation,492.0,36.0,36.0,SE,,,,,,,,,,,,,
45,SE_20,-0.442,0.0,RALGPS2,Q86X27-1_Y420,Q86X27,Y,420.0,178861375.0,Phosphotyrosine,Phosphorylation,11.0,67.0,11.0,SE,,,,,,,,,,,,,
46,SE_20,-0.442,0.0,RALGPS2,Q86X27-1_S422,Q86X27,S,422.0,178861381.0,Phosphoserine,Phosphorylation,17.0,61.0,17.0,SE,,,,,,,,,,,,,
47,SE_25,-0.539,0.0,CD44,P16070-1_T541,P16070,T,541.0,35232807.0,N-Glycosylation,Glycosylation,15.0,189.0,15.0,SE,,,,,,,,,,,,,
48,SE_25,-0.539,0.0,CD44,P16070-1_N548,P16070,N,548.0,35232828.0,N-Glycosylation,Glycosylation,36.0,168.0,36.0,SE,,,,,,,,,,,,,
49,SE_25,-0.539,0.0,CD44,P16070-1_S550,P16070,S,550.0,35232834.0,N-Glycosylation,Glycosylation,42.0,162.0,42.0,SE,,,,,,,,,,,,,
50,SE_25,-0.539,0.0,CD44,P16070-1_S553,P16070,S,553.0,35232843.0,N-Glycosylation,Glycosylation,51.0,153.0,51.0,SE,,,,,,,,,,,,,
51,SE_25,-0.539,0.0,CD44,P16070-1_T554,P16070,T,554.0,35232846.0,N-Glycosylation,Glycosylation,54.0,150.0,54.0,SE,,,,,,,,,,,,,
52,SE_25,-0.539,0.0,CD44,P16070-1_T555,P16070,T,555.0,35232849.0,N-Glycosylation,Glycosylation,57.0,147.0,57.0,SE,,,,,,,,,,,,,
53,SE_25,-0.539,0.0,CD44,P16070-1_Y560,P16070,Y,560.0,35232864.0,N-Glycosylation,Glycosylation,72.0,132.0,72.0,SE,,,,,,,,,,,,,
54,SE_25,-0.539,0.0,CD44,P16070-1_T561,P16070,T,561.0,35232867.0,N-Glycosylation,Glycosylation,75.0,129.0,75.0,SE,,,,,,,,,,,,,
55,SE_25,-0.539,0.0,CD44,P16070-1_S562,P16070,S,562.0,35232870.0,N-Glycosylation,Glycosylation,78.0,126.0,78.0,SE,,,,,,,,,,,,,
56,SE_25,-0.539,0.0,CD44,P16070-1_T567,P16070,T,567.0,35232885.0,N-Glycosylation,Glycosylation,93.0,111.0,93.0,SE,,,,,,,,,,,,,
57,SE_25,-0.539,0.0,CD44,P16070-1_S570,P16070,S,570.0,35232894.0,N-Glycosylation,Glycosylation,102.0,102.0,102.0,SE,,,,,,,,,,,,,
58,SE_25,-0.539,0.0,CD44,P16070-1_T572,P16070,T,572.0,35232900.0,Phosphothreonine;N-Glycosylation,Glycosylation,108.0,96.0,96.0,SE,,,,,,,,,,,,,
59,SE_25,-0.539,0.0,CD44,P16070-1_T572,P16070,T,572.0,35232900.0,Phosphothreonine;N-Glycosylation,Phosphorylation,108.0,96.0,96.0,SE,,,,,,,,,,,,,
60,SE_25,-0.539,0.0,CD44,P16070-1_T577,P16070,T,577.0,35232915.0,N-Glycosylation,Glycosylation,123.0,81.0,81.0,SE,,,,,,,,,,,,,
61,SE_25,-0.539,0.0,CD44,P16070-1_S578,P16070,S,578.0,35232918.0,N-Glycosylation,Glycosylation,126.0,78.0,78.0,SE,,,,,,,,,,,,,
62,SE_25,-0.539,0.0,CD44,P16070-1_T581,P16070,T,581.0,35232927.0,N-Glycosylation,Glycosylation,135.0,69.0,69.0,SE,,,,,,,,,,,,,
63,SE_25,-0.539,0.0,CD44,P16070-1_S583,P16070,S,583.0,35232933.0,N-Glycosylation,Glycosylation,141.0,63.0,63.0,SE,,,,,,,,,,,,,
64,SE_25,-0.539,0.0,CD44,P16070-1_T587,P16070,T,587.0,35232945.0,Phosphothreonine,Phosphorylation,153.0,51.0,51.0,SE,,,,,,,,,,,,,
65,SE_25,-0.539,0.0,CD44,P16070-1_N599,P16070,N,599.0,35232981.0,N-Glycosylation,Glycosylation,189.0,15.0,15.0,SE,,,,,,,,,,,,,
66,SE_26,-0.68,0.0,CD44,P16070-1_S291,P16070,S,291.0,35219742.0,Phosphoserine,Phosphorylation,75.0,51.0,51.0,SE,,,,,,,,,,,PKC_group,,PKC_GROUP
67,SE_26,-0.68,0.0,CD44,P16070-1_S305,P16070,S,305.0,35219784.0,Phosphoserine,Phosphorylation,117.0,9.0,9.0,SE,,,,,,,,,,,,,
68,SE_28,-0.284,0.0,APLP2,Q06481-1_S311,Q06481,S,311.0,129993515.0,Phosphoserine,Phosphorylation,9.0,159.0,9.0,SE,,,,,,,,,,,,,
69,SE_28,-0.284,0.0,APLP2,Q06481-1_T316,Q06481,T,316.0,129993530.0,Phosphothreonine,Phosphorylation,24.0,144.0,24.0,SE,,,,,,,,,,,,,
70,SE_28,-0.284,0.0,APLP2,Q06481-1_Y327,Q06481,Y,327.0,129993563.0,Phosphotyrosine,Phosphorylation,57.0,111.0,57.0,SE,,,,,,,,,,,,,
71,SE_30,0.051,0.0,TYMS,P04818-1_Y153,P04818,Y,153.0,669074.0,Phosphotyrosine,Phosphorylation,3.0,99.0,3.0,SE,,,,,,,,,,,,,
72,SE_30,0.051,0.0,TYMS,P04818-1_S154,P04818,S,154.0,669077.0,Phosphoserine,Phosphorylation,6.0,96.0,6.0,SE,,,,,,,,,,,,,
73,SE_30,0.051,0.0,TYMS,P04818-1_T167,P04818,T,167.0,669116.0,Phosphothreonine,Phosphorylation,45.0,57.0,45.0,SE,,,,,,,,,,,,,
74,SE_30,0.051,0.0,TYMS,P04818-1_K169,P04818,K,169.0,669122.0,Ubiquitination,Ubiquitination,51.0,51.0,51.0,SE,,,,,,,,,,,,,
75,SE_30,0.051,0.0,TYMS,P04818-1_T170,P04818,T,170.0,669125.0,Phosphothreonine,Phosphorylation,54.0,48.0,48.0,SE,,,,phosphorylation,,,,,,,,,
76,SE_32,0.151,0.0,CTNND1,O60716-1_M1,O60716,M,1.0,57558951.0,N-acetylmethionine,Acetylation,95.0,194.0,95.0,SE,,,,,,,,,,,,,
77,SE_32,0.151,0.0,CTNND1,O60716-1_S4,O60716,S,4.0,57558960.0,Phosphoserine,Phosphorylation,104.0,185.0,104.0,SE,,,,,,,,,,,,,
78,SE_32,0.151,0.0,CTNND1,O60716-1_S8,O60716,S,8.0,57558972.0,Phosphoserine,Phosphorylation,116.0,173.0,116.0,SE,,,,,,,,,,,,,
79,SE_32,0.151,0.0,CTNND1,O60716-1_K25,O60716,K,25.0,57559023.0,Ubiquitination,Ubiquitination,167.0,122.0,122.0,SE,,,,,,,,,,,,,
80,SE_32,0.151,0.0,CTNND1,O60716-1_T27,O60716,T,27.0,57559029.0,Phosphothreonine,Phosphorylation,173.0,116.0,116.0,SE,,,,,,,,,,,,,
81,SE_32,0.151,0.0,CTNND1,O60716-1_S38,O60716,S,38.0,57559062.0,Phosphoserine,Phosphorylation,206.0,83.0,83.0,SE,,,,,,,,,,,,,
82,SE_32,0.151,0.0,CTNND1,O60716-1_S47,O60716,S,47.0,57559089.0,Phosphoserine,Phosphorylation,233.0,56.0,56.0,SE,,,,,,,,,,,,,
83,SE_32,0.151,0.0,CTNND1,O60716-1_T59,O60716,T,59.0,57559125.0,Phosphothreonine,Phosphorylation,269.0,20.0,20.0,SE,,,,,,,,,,,,,
84,SE_32,0.151,0.0,CTNND1,O60716-1_T61,O60716,T,61.0,57559131.0,Phosphothreonine,Phosphorylation,275.0,14.0,14.0,SE,,,,,,,,,,,,,
85,SE_33,0.304,0.0,CTNND1,O60716-1_M1,O60716,M,1.0,57558951.0,N-acetylmethionine,Acetylation,95.0,194.0,95.0,SE,,,,,,,,,,,,,
86,SE_33,0.304,0.0,CTNND1,O60716-1_S4,O60716,S,4.0,57558960.0,Phosphoserine,Phosphorylation,104.0,185.0,104.0,SE,,,,,,,,,,,,,
87,SE_33,0.304,0.0,CTNND1,O60716-1_S8,O60716,S,8.0,57558972.0,Phosphoserine,Phosphorylation,116.0,173.0,116.0,SE,,,,,,,,,,,,,
88,SE_33,0.304,0.0,CTNND1,O60716-1_K25,O60716,K,25.0,57559023.0,Ubiquitination,Ubiquitination,167.0,122.0,122.0,SE,,,,,,,,,,,,,
89,SE_33,0.304,0.0,CTNND1,O60716-1_T27,O60716,T,27.0,57559029.0,Phosphothreonine,Phosphorylation,173.0,116.0,116.0,SE,,,,,,,,,,,,,
90,SE_33,0.304,0.0,CTNND1,O60716-1_S38,O60716,S,38.0,57559062.0,Phosphoserine,Phosphorylation,206.0,83.0,83.0,SE,,,,,,,,,,,,,
91,SE_33,0.304,0.0,CTNND1,O60716-1_S47,O60716,S,47.0,57559089.0,Phosphoserine,Phosphorylation,233.0,56.0,56.0,SE,,,,,,,,,,,,,
92,SE_33,0.304,0.0,CTNND1,O60716-1_T59,O60716,T,59.0,57559125.0,Phosphothreonine,Phosphorylation,269.0,20.0,20.0,SE,,,,,,,,,,,,,
93,SE_33,0.304,0.0,CTNND1,O60716-1_T61,O60716,T,61.0,57559131.0,Phosphothreonine,Phosphorylation,275.0,14.0,14.0,SE,,,,,,,,,,,,,
94,SE_34,-0.111,0.0,CTNND1,O60716-1_S943,O60716,S,943.0,57583405.0,Phosphoserine,Phosphorylation,19.0,68.0,19.0,SE,,,,,,,,,,,,,
95,SE_34,-0.111,0.0,CTNND1,O60716-1_Y962,O60716,Y,962.0,57583462.0,Phosphotyrosine,Phosphorylation,76.0,11.0,11.0,SE,,,,,,,,,,,,,
96,SE_34,-0.111,0.0,CTNND1,O60716-1_S964,O60716,S,964.0,57583468.0,Phosphoserine,Phosphorylation,82.0,5.0,5.0,SE,,,,,,,,,,,,,
97,SE_35,0.127,0.0,CTNND1,O60716-1_S8,O60716,S,8.0,57558972.0,Phosphoserine,Phosphorylation,7.0,173.0,7.0,SE,,,,,,,,,,,,,
98,SE_35,0.127,0.0,CTNND1,O60716-1_K25,O60716,K,25.0,57559023.0,Ubiquitination,Ubiquitination,58.0,122.0,58.0,SE,,,,,,,,,,,,,
99,SE_35,0.127,0.0,CTNND1,O60716-1_T27,O60716,T,27.0,57559029.0,Phosphothreonine,Phosphorylation,64.0,116.0,64.0,SE,,,,,,,,,,,,,
100,SE_35,0.127,0.0,CTNND1,O60716-1_S38,O60716,S,38.0,57559062.0,Phosphoserine,Phosphorylation,97.0,83.0,83.0,SE,,,,,,,,,,,,,
101,SE_35,0.127,0.0,CTNND1,O60716-1_S47,O60716,S,47.0,57559089.0,Phosphoserine,Phosphorylation,124.0,56.0,56.0,SE,,,,,,,,,,,,,
102,SE_35,0.127,0.0,CTNND1,O60716-1_T59,O60716,T,59.0,57559125.0,Phosphothreonine,Phosphorylation,160.0,20.0,20.0,SE,,,,,,,,,,,,,
103,SE_35,0.127,0.0,CTNND1,O60716-1_T61,O60716,T,61.0,57559131.0,Phosphothreonine,Phosphorylation,166.0,14.0,14.0,SE,,,,,,,,,,,,,
104,SE_36,0.127,0.0,CTNND1,O60716-1_S8,O60716,S,8.0,57558972.0,Phosphoserine,Phosphorylation,9.0,173.0,9.0,SE,,,,,,,,,,,,,
105,SE_36,0.127,0.0,CTNND1,O60716-1_K25,O60716,K,25.0,57559023.0,Ubiquitination,Ubiquitination,60.0,122.0,60.0,SE,,,,,,,,,,,,,
106,SE_36,0.127,0.0,CTNND1,O60716-1_T27,O60716,T,27.0,57559029.0,Phosphothreonine,Phosphorylation,66.0,116.0,66.0,SE,,,,,,,,,,,,,
107,SE_36,0.127,0.0,CTNND1,O60716-1_S38,O60716,S,38.0,57559062.0,Phosphoserine,Phosphorylation,99.0,83.0,83.0,SE,,,,,,,,,,,,,
108,SE_36,0.127,0.0,CTNND1,O60716-1_S47,O60716,S,47.0,57559089.0,Phosphoserine,Phosphorylation,126.0,56.0,56.0,SE,,,,,,,,,,,,,
109,SE_36,0.127,0.0,CTNND1,O60716-1_T59,O60716,T,59.0,57559125.0,Phosphothreonine,Phosphorylation,162.0,20.0,20.0,SE,,,,,,,,,,,,,
110,SE_36,0.127,0.0,CTNND1,O60716-1_T61,O60716,T,61.0,57559131.0,Phosphothreonine,Phosphorylation,168.0,14.0,14.0,SE,,,,,,,,,,,,,
111,SE_38,-0.208,0.0,INF2,Q27J81-1_S1237,Q27J81,S,1237.0,105181635.0,Phosphoserine,Phosphorylation,15.0,42.0,15.0,SE,,,,,,,,,,,,,
112,SE_38,-0.208,0.0,INF2,Q27J81-1_T1242,Q27J81,T,1242.0,105181650.0,Phosphothreonine,Phosphorylation,30.0,27.0,27.0,SE,,,,,,,,,,,,,
113,SE_40,0.39,0.0,DOCK7,Q96N67-1_S948,Q96N67,S,948.0,63010635.0,Phosphoserine,Phosphorylation,18.0,75.0,18.0,SE,,,,,,,,,,,,,
114,SE_40,0.39,0.0,DOCK7,Q96N67-1_S946,Q96N67,S,946.0,63010641.0,Phosphoserine,Phosphorylation,24.0,69.0,24.0,SE,,,,,,,,,,,,,
115,SE_40,0.39,0.0,DOCK7,Q96N67-1_S929;Q96N67-2_S929,Q96N67,S,929.0,63010692.0,Phosphoserine,Phosphorylation,75.0,18.0,18.0,SE,,,,,,,,,,,,,
116,SE_40,0.39,0.0,DOCK7,Q96N67-1_S927,Q96N67,S,927.0,63010698.0,Phosphoserine,Phosphorylation,81.0,12.0,12.0,SE,,,,,,,,,,,,,
117,SE_42,0.395,0.0,SCRIB,Q14160-1_S708,Q14160,S,708.0,144889778.0,Phosphoserine,Phosphorylation,57.0,6.0,6.0,SE,,,,,,,,,,,,,
118,SE_46,0.19,1.28349340612e-12,MPRIP,Q6WCQ1-1_S1016,Q6WCQ1,S,1016.0,17083921.0,Phosphoserine,Phosphorylation,1.0,62.0,1.0,SE,,,,,,,,,,,,,
119,SE_48,-0.314,2.15443536028e-12,NBEAL2,Q6ZNJ1-1_K371,Q6ZNJ1,K,371.0,47034043.0,Ubiquitination,Ubiquitination,79.0,2.0,2.0,SE,,,,,,,,,,,,,
120,SE_51,0.236,3.50924375029e-11,PRC1,O43663-1_T593,O43663,T,593.0,91512323.0,Phosphothreonine,Phosphorylation,15.0,27.0,15.0,SE,,,,,,,,,,,,,
121,SE_51,0.236,3.50924375029e-11,PRC1,O43663-1_S592,O43663,S,592.0,91512326.0,Phosphoserine,Phosphorylation,18.0,24.0,18.0,SE,,,,,,,,,,,,,
122,SE_51,0.236,3.50924375029e-11,PRC1,O43663-1_S591,O43663,S,591.0,91512329.0,Phosphoserine,Phosphorylation,21.0,21.0,21.0,SE,,,,,,,,,,,,,
123,SE_51,0.236,3.50924375029e-11,PRC1,O43663-1_S589,O43663,S,589.0,91512335.0,Phosphoserine,Phosphorylation,27.0,15.0,15.0,SE,,,,,,,,,,,,,
124,SE_51,0.236,3.50924375029e-11,PRC1,O43663-1_S587,O43663,S,587.0,91512341.0,Phosphoserine,Phosphorylation,33.0,9.0,9.0,SE,,,,,,,,,,,,,
125,SE_52,-0.181,4.68081569312e-11,C9orf89,Q96LW7-2_S104,Q96LW7-2,S,104.0,95874166.0,Phosphoserine,Phosphorylation,6.0,54.0,6.0,SE,,,,,,,,,,,,,
126,SE_52,-0.181,4.68081569312e-11,C9orf89,Q96LW7-2_T107,Q96LW7-2,T,107.0,95874175.0,Phosphothreonine,Phosphorylation,15.0,45.0,15.0,SE,,,,,,,,,,,,,
127,SE_52,-0.181,4.68081569312e-11,C9orf89,Q96LW7-2_S111,Q96LW7-2,S,111.0,95874187.0,Phosphoserine,Phosphorylation,27.0,33.0,27.0,SE,,,,,,,,,,,,,
128,SE_52,-0.181,4.68081569312e-11,C9orf89,Q96LW7-2_S113,Q96LW7-2,S,113.0,95874193.0,Phosphoserine,Phosphorylation,33.0,27.0,27.0,SE,,,,,,,,,,,,,
129,SE_52,-0.181,4.68081569312e-11,C9orf89,Q96LW7-2_S115,Q96LW7-2,S,115.0,95874199.0,Phosphoserine,Phosphorylation,39.0,21.0,21.0,SE,,,,,,,,,,,,,
130,SE_53,-0.059,5.9765632772e-11,PTPRF,P10586-1_T825,P10586,T,825.0,44069296.0,Phosphothreonine,Phosphorylation,15.0,564.0,15.0,SE,,,,,,,,,,,,,
131,SE_53,-0.059,5.9765632772e-11,PTPRF,P10586-1_N959,P10586,N,959.0,44069698.0,N-Glycosylation,Glycosylation,417.0,162.0,162.0,SE,,,,,,,,,,,,,
132,SE_53,-0.059,5.9765632772e-11,PTPRF,P10586-1_N966,P10586,N,966.0,44069719.0,N-Glycosylation,Glycosylation,438.0,141.0,141.0,SE,,,,,,,,,,,,,
133,SE_53,-0.059,5.9765632772e-11,PTPRF,P10586-1_S996,P10586,S,996.0,44069809.0,Phosphoserine,Phosphorylation,528.0,51.0,51.0,SE,,,,,,,,,,,,,
134,SE_53,-0.059,5.9765632772e-11,PTPRF,P10586-1_S1000,P10586,S,1000.0,44069821.0,Phosphoserine,Phosphorylation,540.0,39.0,39.0,SE,,,,,,,,,,,,,
135,SE_54,0.172,9.30911933397e-11,PAM,P19021-1_K396,P19021,K,396.0,102309843.0,Ubiquitination,Ubiquitination,24.0,297.0,24.0,SE,,,,,,,,,,,,,
136,SE_54,0.172,9.30911933397e-11,PAM,P19021-1_K409,P19021,K,409.0,102309882.0,Ubiquitination,Ubiquitination,63.0,258.0,63.0,SE,,,,,,,,,,,,,
137,SE_54,0.172,9.30911933397e-11,PAM,P19021-1_T413,P19021,T,413.0,102309894.0,N-Glycosylation,Glycosylation,75.0,246.0,75.0,SE,,,,,,,,,,,,,
138,SE_54,0.172,9.30911933397e-11,PAM,P19021-1_K415,P19021,K,415.0,102309900.0,Ubiquitination,Ubiquitination,81.0,240.0,81.0,SE,,,,,,,,,,,,,
139,SE_54,0.172,9.30911933397e-11,PAM,P19021-1_K432,P19021,K,432.0,102309951.0,Ubiquitination,Ubiquitination,132.0,189.0,132.0,SE,,,,,,,,,,,,,
140,SE_54,0.172,9.30911933397e-11,PAM,P19021-1_S466,P19021,S,466.0,102310053.0,N-Glycosylation,Glycosylation,234.0,87.0,87.0,SE,,,,,,,,,,,,,
141,SE_54,0.172,9.30911933397e-11,PAM,P19021-1_T467,P19021,T,467.0,102310056.0,N-Glycosylation,Glycosylation,237.0,84.0,84.0,SE,,,,,,,,,,,,,
142,SE_54,0.172,9.30911933397e-11,PAM,P19021-1_S473,P19021,S,473.0,102310074.0,N-Glycosylation,Glycosylation,255.0,66.0,66.0,SE,,,,,,,,,,,,,
143,SE_56,0.265,2.62330852947e-10,PFAS,O15067-1_K803,O15067,K,803.0,8168732.0,Ubiquitination,Ubiquitination,127.0,54.0,54.0,SE,,,,,,,,,,,,,
144,SE_58,0.525,1.73943268451e-09,CEACAM1,P13688-1_S474,P13688,S,474.0,43015737.0,Phosphoserine,Phosphorylation,10.0,43.0,10.0,SE,,,,,,,,,,,,,
145,SE_58,0.525,1.73943268451e-09,CEACAM1,P13688-1_S472,P13688,S,472.0,43015743.0,Phosphoserine,Phosphorylation,16.0,37.0,16.0,SE,,,,,,,,,,,,,
146,SE_58,0.525,1.73943268451e-09,CEACAM1,P13688-1_S461,P13688,S,461.0,43015776.0,Phosphoserine,Phosphorylation,49.0,4.0,4.0,SE,"apoptosis, altered",,,"activity, inhibited",,,,,,,,,
147,SE_59,0.334,2.09852776267e-09,SCRIB,Q14160-1_S708,Q14160,S,708.0,144889778.0,Phosphoserine,Phosphorylation,57.0,6.0,6.0,SE,,,,,,,,,,,,,
148,SE_62,0.078,7.77727226888e-09,MPRIP,Q6WCQ1-1_T881,Q6WCQ1,T,881.0,17078658.0,Phosphothreonine,Phosphorylation,52.0,68.0,52.0,SE,,,,,,,,,,,,,
149,SE_62,0.078,7.77727226888e-09,MPRIP,Q6WCQ1-1_T889,Q6WCQ1,T,889.0,17078682.0,Phosphothreonine,Phosphorylation,76.0,44.0,44.0,SE,,,,,,,,,,,,,
150,SE_62,0.078,7.77727226888e-09,MPRIP,Q6WCQ1-1_S891,Q6WCQ1,S,891.0,17078688.0,Phosphoserine,Phosphorylation,82.0,38.0,38.0,SE,,,,,,,,,,,,,
151,SE_67,-0.243,3.54104104715e-08,CD47,Q08722-1_K304,Q08722,K,304.0,107769449.0,Ubiquitination,Ubiquitination,25.0,0.0,0.0,SE,,,,,,,,,,,,,
152,SE_68,0.132,4.01541632907e-08,CD46,P15529-1_Y378,P15529,Y,378.0,207963602.0,Phosphotyrosine,Phosphorylation,5.0,88.0,5.0,SE,,,,,,,,,,,,,
153,SE_68,0.132,4.01541632907e-08,CD46,P15529-1_K388,P15529,K,388.0,207963632.0,Ubiquitination,Ubiquitination,35.0,58.0,35.0,SE,,,,,,,,,,,,,
154,SE_68,0.132,4.01541632907e-08,CD46,P15529-1_S391,P15529,S,391.0,207963641.0,Phosphoserine,Phosphorylation,44.0,49.0,44.0,SE,,,,,,,,,,,,,
155,SE_71,-0.116,1.02445451087e-07,MTSS1L,Q765P7-1_S372,Q765P7,S,372.0,70699383.0,Phosphoserine,Phosphorylation,15.0,60.0,15.0,SE,,,,,,,,,,,,,
156,SE_75,-0.36,2.52373690538e-07,CD44,P16070-1_S430,P16070,S,430.0,35227664.0,N-Glycosylation,Glycosylation,6.0,126.0,6.0,SE,,,,,,,,,,,,,
157,SE_75,-0.36,2.52373690538e-07,CD44,P16070-1_T433,P16070,T,433.0,35227673.0,N-Glycosylation,Glycosylation,15.0,117.0,15.0,SE,,,,,,,,,,,,,
158,SE_75,-0.36,2.52373690538e-07,CD44,P16070-1_S434,P16070,S,434.0,35227676.0,N-Glycosylation,Glycosylation,18.0,114.0,18.0,SE,,,,,,,,,,,,,
159,SE_75,-0.36,2.52373690538e-07,CD44,P16070-1_S448,P16070,S,448.0,35227718.0,Phosphoserine,Phosphorylation,60.0,72.0,60.0,SE,,,,,,,,,,,,,
160,SE_75,-0.36,2.52373690538e-07,CD44,P16070-1_S458,P16070,S,458.0,35227748.0,N-Glycosylation,Glycosylation,90.0,42.0,42.0,SE,,,,,,,,,,,,,
161,SE_77,0.166,3.58347537305e-07,CSDA,P16989-1_R258,P16989,R,258.0,10862515.0,Methylation,Methylation,9.0,198.0,9.0,SE,,,,,,,,,,,,,
162,SE_77,0.166,3.58347537305e-07,CSDA,P16989-1_R251,P16989,R,251.0,10862536.0,Methylation;Omega-N-methylarginine,Methylation,30.0,177.0,30.0,SE,,,,,,,,,,,,,
163,SE_77,0.166,3.58347537305e-07,CSDA,P16989-1_S250,P16989,S,250.0,10862539.0,Phosphoserine,Phosphorylation,33.0,174.0,33.0,SE,,,,,,,,,,,,,
164,SE_77,0.166,3.58347537305e-07,CSDA,P16989-1_T245,P16989,T,245.0,10862554.0,Phosphothreonine,Phosphorylation,48.0,159.0,48.0,SE,,,,,,,,,,,,,
165,SE_77,0.166,3.58347537305e-07,CSDA,P16989-1_Y240,P16989,Y,240.0,10862569.0,Phosphotyrosine,Phosphorylation,63.0,144.0,63.0,SE,,,,,,,,,,,,,
166,SE_77,0.166,3.58347537305e-07,CSDA,P16989-1_R236,P16989,R,236.0,10862581.0,Methylation,Methylation,75.0,132.0,75.0,SE,,,,,,,,,,,,,
167,SE_77,0.166,3.58347537305e-07,CSDA,P16989-1_R235,P16989,R,235.0,10862584.0,Methylation,Methylation,78.0,129.0,78.0,SE,,,,,,,,,,,,,
168,SE_77,0.166,3.58347537305e-07,CSDA,P16989-1_R233,P16989,R,233.0,10862590.0,Methylation,Methylation,84.0,123.0,84.0,SE,,,,,,,,,,,,,
169,SE_77,0.166,3.58347537305e-07,CSDA,P16989-1_Y232,P16989,Y,232.0,10862593.0,Phosphotyrosine,Phosphorylation,87.0,120.0,87.0,SE,,,,,,,,,,,,,
170,SE_77,0.166,3.58347537305e-07,CSDA,P16989-1_R229,P16989,R,229.0,10862602.0,Methylation,Methylation,96.0,111.0,96.0,SE,,,,,,,,,,,,,
171,SE_77,0.166,3.58347537305e-07,CSDA,P16989-1_Y228,P16989,Y,228.0,10862605.0,Phosphotyrosine,Phosphorylation,99.0,108.0,99.0,SE,,,,,,,,,,,,,
172,SE_77,0.166,3.58347537305e-07,CSDA,P16989-1_R225,P16989,R,225.0,10862614.0,Methylation,Methylation,108.0,99.0,99.0,SE,,,,,,,,,,,,,
173,SE_77,0.166,3.58347537305e-07,CSDA,P16989-1_R220,P16989,R,220.0,10862629.0,Methylation;Dimethylation,Methylation,123.0,84.0,84.0,SE,,,,,,,,,,,,,
174,SE_77,0.166,3.58347537305e-07,CSDA,P16989-1_R220,P16989,R,220.0,10862629.0,Methylation;Dimethylation,Dimethylation,123.0,84.0,84.0,SE,,,,,,,,,,,,,
175,SE_77,0.166,3.58347537305e-07,CSDA,P16989-1_T212,P16989,T,212.0,10862653.0,Phosphothreonine,Phosphorylation,147.0,60.0,60.0,SE,,,,,,,,,,,,,
176,SE_77,0.166,3.58347537305e-07,CSDA,P16989-1_S204,P16989,S,204.0,10862677.0,Phosphoserine,Phosphorylation,171.0,36.0,36.0,SE,,,,,,,,,,,,,
177,SE_77,0.166,3.58347537305e-07,CSDA,P16989-1_S203,P16989,S,203.0,10862680.0,Phosphoserine,Phosphorylation,174.0,33.0,33.0,SE,,,,,,,,,,,,,
178,SE_77,0.166,3.58347537305e-07,CSDA,P16989-1_S201,P16989,S,201.0,10862686.0,Phosphoserine,Phosphorylation,180.0,27.0,27.0,SE,,,,,,,,,,,,,
179,SE_77,0.166,3.58347537305e-07,CSDA,P16989-1_Y192,P16989,Y,192.0,10862713.0,Phosphotyrosine,Phosphorylation,207.0,0.0,0.0,SE,,,,,,,,,,,,,
180,SE_79,-0.248,4.0095340102e-07,ENAH,Q8N8S7-1_S531,Q8N8S7,S,531.0,225692703.0,Phosphoserine,Phosphorylation,11.0,52.0,11.0,SE,,,,,,,,,,,,,
181,SE_79,-0.248,4.0095340102e-07,ENAH,Q8N8S7-1_Y529,Q8N8S7,Y,529.0,225692709.0,Phosphotyrosine,Phosphorylation,17.0,46.0,17.0,SE,,,,,,,,,,,,,
182,SE_79,-0.248,4.0095340102e-07,ENAH,Q8N8S7-1_S528,Q8N8S7,S,528.0,225692712.0,Phosphoserine,Phosphorylation,20.0,43.0,20.0,SE,,,,,,,,,,,,,
183,SE_79,-0.248,4.0095340102e-07,ENAH,Q8N8S7-1_R527,Q8N8S7,R,527.0,225692715.0,Methylation,Methylation,23.0,40.0,23.0,SE,,,,,,,,,,,,,
184,SE_79,-0.248,4.0095340102e-07,ENAH,Q8N8S7-1_S516,Q8N8S7,S,516.0,225692748.0,Phosphoserine,Phosphorylation,56.0,7.0,7.0,SE,,,,,,,,,,,,,
185,SE_80,-0.188,4.17884655686e-07,YAP1,P46937-1_S340,P46937,S,340.0,102080281.0,Phosphoserine,Phosphorylation,34.0,14.0,14.0,SE,,,,,,,,,,,,,
186,SE_80,-0.188,4.17884655686e-07,YAP1,P46937-1_K342,P46937,K,342.0,102080287.0,Ubiquitination,Ubiquitination,40.0,8.0,8.0,SE,"carcinogenesis, altered",,,protein degradation,,,,,,,,,
187,SE_85,0.154,2.67242141899e-06,PLOD2,O00469-2_T510,O00469-2,T,510.0,145795684.0,Phosphothreonine,Phosphorylation,36.0,27.0,27.0,SE,,,,,,,,,,,,,
188,SE_85,0.154,2.67242141899e-06,PLOD2,O00469-2_S508,O00469-2,S,508.0,145795690.0,Phosphoserine,Phosphorylation,42.0,21.0,21.0,SE,,,,,,,,,,,,,
189,SE_85,0.154,2.67242141899e-06,PLOD2,O00469-2_K506,O00469-2,K,506.0,145795696.0,Ubiquitination,Ubiquitination,48.0,15.0,15.0,SE,,,,,,,,,,,,,
190,SE_88,0.219,5.24254024868e-06,PRC1,O43663-1_T593,O43663,T,593.0,91512323.0,Phosphothreonine,Phosphorylation,15.0,27.0,15.0,SE,,,,,,,,,,,,,
191,SE_88,0.219,5.24254024868e-06,PRC1,O43663-1_S592,O43663,S,592.0,91512326.0,Phosphoserine,Phosphorylation,18.0,24.0,18.0,SE,,,,,,,,,,,,,
192,SE_88,0.219,5.24254024868e-06,PRC1,O43663-1_S591,O43663,S,591.0,91512329.0,Phosphoserine,Phosphorylation,21.0,21.0,21.0,SE,,,,,,,,,,,,,
193,SE_88,0.219,5.24254024868e-06,PRC1,O43663-1_S589,O43663,S,589.0,91512335.0,Phosphoserine,Phosphorylation,27.0,15.0,15.0,SE,,,,,,,,,,,,,
194,SE_88,0.219,5.24254024868e-06,PRC1,O43663-1_S587,O43663,S,587.0,91512341.0,Phosphoserine,Phosphorylation,33.0,9.0,9.0,SE,,,,,,,,,,,,,
195,SE_90,-0.173,8.68094097376e-06,MBNL1,Q9NR56-1_T270,Q9NR56,T,270.0,152164493.0,Phosphothreonine,Phosphorylation,1.0,53.0,1.0,SE,,,,,,,,,,,,,
196,SE_90,-0.173,8.68094097376e-06,MBNL1,Q9NR56-1_S272,Q9NR56,S,272.0,152164499.0,Phosphoserine,Phosphorylation,7.0,47.0,7.0,SE,,,,,,,,,,,,,
197,SE_90,-0.173,8.68094097376e-06,MBNL1,Q9NR56-1_K278,Q9NR56,K,278.0,152164517.0,Ubiquitination,Ubiquitination,25.0,29.0,25.0,SE,,,,,,,,,,,,,
198,SE_91,0.156,8.7916354149e-06,TJP1,Q07157-1_S994,Q07157,S,994.0,30012004.0,Phosphoserine,Phosphorylation,24.0,216.0,24.0,SE,,,,,,,,,,,,,
199,SE_91,0.156,8.7916354149e-06,TJP1,Q07157-1_S992,Q07157,S,992.0,30012010.0,Phosphoserine,Phosphorylation,30.0,210.0,30.0,SE,,,,,,,,,,,,,
200,SE_91,0.156,8.7916354149e-06,TJP1,Q07157-1_T979,Q07157,T,979.0,30012049.0,Phosphothreonine,Phosphorylation,69.0,171.0,69.0,SE,,,,,,,,,,,,,
201,SE_91,0.156,8.7916354149e-06,TJP1,Q07157-1_S978,Q07157,S,978.0,30012052.0,Phosphoserine,Phosphorylation,72.0,168.0,72.0,SE,,,,,,,,,,,,,
202,SE_91,0.156,8.7916354149e-06,TJP1,Q07157-1_T976,Q07157,T,976.0,30012058.0,Phosphothreonine,Phosphorylation,78.0,162.0,78.0,SE,,,,,,,,,,,,,
203,SE_91,0.156,8.7916354149e-06,TJP1,Q07157-1_S973,Q07157,S,973.0,30012067.0,Phosphoserine,Phosphorylation,87.0,153.0,87.0,SE,,,,,,,,,,,,,
204,SE_91,0.156,8.7916354149e-06,TJP1,Q07157-1_S968,Q07157,S,968.0,30012082.0,Phosphoserine,Phosphorylation,102.0,138.0,102.0,SE,,,,,,,,,,,,,
205,SE_91,0.156,8.7916354149e-06,TJP1,Q07157-1_Y967,Q07157,Y,967.0,30012085.0,Phosphotyrosine,Phosphorylation,105.0,135.0,105.0,SE,,,,,,,,,,,,,
206,SE_91,0.156,8.7916354149e-06,TJP1,Q07157-1_S966,Q07157,S,966.0,30012088.0,Phosphoserine,Phosphorylation,108.0,132.0,108.0,SE,,,,,,,,,,,,,
207,SE_91,0.156,8.7916354149e-06,TJP1,Q07157-1_T965,Q07157,T,965.0,30012091.0,Phosphothreonine,Phosphorylation,111.0,129.0,111.0,SE,,,,,,,,,,,,,
208,SE_91,0.156,8.7916354149e-06,TJP1,Q07157-1_S964,Q07157,S,964.0,30012094.0,Phosphoserine,Phosphorylation,114.0,126.0,114.0,SE,,,,,,,,,,,,,
209,SE_91,0.156,8.7916354149e-06,TJP1,Q07157-1_T936,Q07157,T,936.0,30012178.0,Phosphothreonine,Phosphorylation,198.0,42.0,42.0,SE,,,,,,,,,,,,,
210,SE_91,0.156,8.7916354149e-06,TJP1,Q07157-1_S933,Q07157,S,933.0,30012187.0,Phosphoserine,Phosphorylation,207.0,33.0,33.0,SE,,,,,,,,,,,,,
211,SE_91,0.156,8.7916354149e-06,TJP1,Q07157-1_Y931,Q07157,Y,931.0,30012193.0,Phosphotyrosine,Phosphorylation,213.0,27.0,27.0,SE,,,,,,,,,,,,,
212,SE_91,0.156,8.7916354149e-06,TJP1,Q07157-1_S927,Q07157,S,927.0,30012205.0,Phosphoserine,Phosphorylation,225.0,15.0,15.0,SE,,,,,,,,,,,,,
213,SE_91,0.156,8.7916354149e-06,TJP1,Q07157-1_S926,Q07157,S,926.0,30012208.0,Phosphoserine,Phosphorylation,228.0,12.0,12.0,SE,,,,,,,,,,,,,
214,SE_93,0.213,1.25888507528e-05,ABI1,Q8IZP0-1_S361,Q8IZP0,S,361.0,27044668.0,Phosphoserine,Phosphorylation,85.0,2.0,2.0,SE,,,,,,,,,,,,,
215,SE_99,-0.219,4.18472157275e-05,TSC2,P49815-1_K954,P49815,K,954.0,2127621.0,Ubiquitination,Ubiquitination,23.0,106.0,23.0,SE,,,,,,,,,,,,,
216,SE_99,-0.219,4.18472157275e-05,TSC2,P49815-1_S960,P49815,S,960.0,2127639.0,Phosphoserine,Phosphorylation,41.0,88.0,41.0,SE,,,,,,,,,,,,,
217,SE_99,-0.219,4.18472157275e-05,TSC2,P49815-1_K964,P49815,K,964.0,2127651.0,Ubiquitination,Ubiquitination,53.0,76.0,53.0,SE,,,,,,,,,,,,,
218,SE_99,-0.219,4.18472157275e-05,TSC2,P49815-1_K967,P49815,K,967.0,2127660.0,Methylation,Methylation,62.0,67.0,62.0,SE,,,,,,,,,,,,,
219,SE_99,-0.219,4.18472157275e-05,TSC2,P49815-1_S981,P49815,S,981.0,2127702.0,Phosphoserine,Phosphorylation,104.0,25.0,25.0,SE,"carcinogenesis, inhibited; cell growth, inhibited; autophagy, inhibited; signaling pathway regulation",14-3-3 zeta(INDUCES); 14-3-3 epsilon(INDUCES),,"molecular association, regulation; intracellular localization; activity, inhibited",,P31749,SLiM,MOD_PKB_1,YWHAE->Enhance;YWHAZ->Enhance,,,AKT1->UNCLEAR;YWHAE->INDUCES;YWHAZ->INDUCES,
220,SE_100,0.094,5.93777417652e-05,NDUFV3,P56181-2_T70,P56181-2,T,70.0,44323330.0,Phosphothreonine,Phosphorylation,39.0,1056.0,39.0,SE,,,,,,,,,,,,,
221,SE_100,0.094,5.93777417652e-05,NDUFV3,P56181-2_T72,P56181-2,T,72.0,44323336.0,Phosphothreonine,Phosphorylation,45.0,1050.0,45.0,SE,,,,,,,,,,,,,
222,SE_100,0.094,5.93777417652e-05,NDUFV3,P56181-2_S77,P56181-2,S,77.0,44323351.0,Phosphoserine,Phosphorylation,60.0,1035.0,60.0,SE,,,,,,,,,,,,,
223,SE_100,0.094,5.93777417652e-05,NDUFV3,P56181-2_S82,P56181-2,S,82.0,44323366.0,Phosphoserine,Phosphorylation,75.0,1020.0,75.0,SE,,,,,,,,,,,,,
224,SE_100,0.094,5.93777417652e-05,NDUFV3,P56181-2_S98,P56181-2,S,98.0,44323414.0,Phosphoserine,Phosphorylation,123.0,972.0,123.0,SE,,,,,,,,,,,,,
225,SE_100,0.094,5.93777417652e-05,NDUFV3,P56181-2_S100,P56181-2,S,100.0,44323420.0,Phosphoserine,Phosphorylation,129.0,966.0,129.0,SE,,,,,,,,,,,,,
226,SE_100,0.094,5.93777417652e-05,NDUFV3,P56181-2_S104,P56181-2,S,104.0,44323432.0,Phosphoserine,Phosphorylation,141.0,954.0,141.0,SE,,,,,,,,,,,,,
227,SE_100,0.094,5.93777417652e-05,NDUFV3,P56181-2_T108,P56181-2,T,108.0,44323444.0,Phosphothreonine,Phosphorylation,153.0,942.0,153.0,SE,,,,,,,,,,,,,
228,SE_100,0.094,5.93777417652e-05,NDUFV3,P56181-2_S117,P56181-2,S,117.0,44323471.0,Phosphoserine,Phosphorylation,180.0,915.0,180.0,SE,,,,,,,,,,,,,
229,SE_100,0.094,5.93777417652e-05,NDUFV3,P56181-2_K127,P56181-2,K,127.0,44323501.0,Ubiquitination,Ubiquitination,210.0,885.0,210.0,SE,,,,,,,,,,,,,
230,SE_100,0.094,5.93777417652e-05,NDUFV3,P56181-2_S130,P56181-2,S,130.0,44323510.0,Phosphoserine,Phosphorylation,219.0,876.0,219.0,SE,,,,,,,,,,,,,
231,SE_100,0.094,5.93777417652e-05,NDUFV3,P56181-2_S137,P56181-2,S,137.0,44323531.0,Phosphoserine,Phosphorylation,240.0,855.0,240.0,SE,,,,,,,,,,,,,
232,SE_100,0.094,5.93777417652e-05,NDUFV3,P56181-2_S152,P56181-2,S,152.0,44323576.0,Phosphoserine,Phosphorylation,285.0,810.0,285.0,SE,,,,,,,,,,,,,
233,SE_100,0.094,5.93777417652e-05,NDUFV3,P56181-2_S154,P56181-2,S,154.0,44323582.0,Phosphoserine,Phosphorylation,291.0,804.0,291.0,SE,,,,,,,,,,,,,
234,SE_100,0.094,5.93777417652e-05,NDUFV3,P56181-2_S155,P56181-2,S,155.0,44323585.0,Phosphoserine,Phosphorylation,294.0,801.0,294.0,SE,,,,,,,,,,,,,
235,SE_100,0.094,5.93777417652e-05,NDUFV3,P56181-2_S156,P56181-2,S,156.0,44323588.0,Phosphoserine,Phosphorylation,297.0,798.0,297.0,SE,,,,,,,,,,,,,
236,SE_100,0.094,5.93777417652e-05,NDUFV3,P56181-2_S157,P56181-2,S,157.0,44323591.0,Phosphoserine,Phosphorylation,300.0,795.0,300.0,SE,,,,,,,,,,,,,
237,SE_100,0.094,5.93777417652e-05,NDUFV3,P56181-2_S158,P56181-2,S,158.0,44323594.0,Phosphoserine,Phosphorylation,303.0,792.0,303.0,SE,,,,,,,,,,,,,
238,SE_100,0.094,5.93777417652e-05,NDUFV3,P56181-2_S159,P56181-2,S,159.0,44323597.0,Phosphoserine,Phosphorylation,306.0,789.0,306.0,SE,,,,,,,,,,,,,
239,SE_100,0.094,5.93777417652e-05,NDUFV3,P56181-2_S160,P56181-2,S,160.0,44323600.0,Phosphoserine,Phosphorylation,309.0,786.0,309.0,SE,,,,,,,,,,,,,
240,SE_100,0.094,5.93777417652e-05,NDUFV3,P56181-2_S162,P56181-2,S,162.0,44323606.0,Phosphoserine,Phosphorylation,315.0,780.0,315.0,SE,,,,,,,,,,,,,
241,SE_100,0.094,5.93777417652e-05,NDUFV3,P56181-2_S164,P56181-2,S,164.0,44323612.0,Phosphoserine,Phosphorylation,321.0,774.0,321.0,SE,,,,,,,,,,,,,
242,SE_100,0.094,5.93777417652e-05,NDUFV3,P56181-2_R182,P56181-2,R,182.0,44323666.0,Methylation,Methylation,375.0,720.0,375.0,SE,,,,,,,,,,,,,
243,SE_100,0.094,5.93777417652e-05,NDUFV3,P56181-2_K208,P56181-2,K,208.0,44323744.0,Ubiquitination,Ubiquitination,453.0,642.0,453.0,SE,,,,,,,,,,,,,
244,SE_100,0.094,5.93777417652e-05,NDUFV3,P56181-2_K223,P56181-2,K,223.0,44323789.0,N6-acetyllysine,Acetylation,498.0,597.0,498.0,SE,,,,,,,,,,,,,
245,SE_100,0.094,5.93777417652e-05,NDUFV3,P56181-2_S232,P56181-2,S,232.0,44323816.0,Phosphoserine,Phosphorylation,525.0,570.0,525.0,SE,,,,,,,,,,,,,
246,SE_100,0.094,5.93777417652e-05,NDUFV3,P56181-2_S237,P56181-2,S,237.0,44323831.0,Phosphoserine,Phosphorylation,540.0,555.0,540.0,SE,,,,,,,,,,,,,
247,SE_100,0.094,5.93777417652e-05,NDUFV3,P56181-2_T247,P56181-2,T,247.0,44323861.0,Phosphothreonine,Phosphorylation,570.0,525.0,525.0,SE,,,,,,,,,,,,,
248,SE_100,0.094,5.93777417652e-05,NDUFV3,P56181-2_T248,P56181-2,T,248.0,44323864.0,Phosphothreonine,Phosphorylation,573.0,522.0,522.0,SE,,,,,,,,,,,,,
249,SE_100,0.094,5.93777417652e-05,NDUFV3,P56181-2_K260,P56181-2,K,260.0,44323900.0,Methylation,Methylation,609.0,486.0,486.0,SE,,,,,,,,,,,,,
250,SE_100,0.094,5.93777417652e-05,NDUFV3,P56181-2_K264,P56181-2,K,264.0,44323912.0,Methylation,Methylation,621.0,474.0,474.0,SE,,,,,,,,,,,,,
251,SE_100,0.094,5.93777417652e-05,NDUFV3,P56181-2_K266,P56181-2,K,266.0,44323918.0,Methylation,Methylation,627.0,468.0,468.0,SE,,,,,,,,,,,,,
252,SE_100,0.094,5.93777417652e-05,NDUFV3,P56181-2_T295,P56181-2,T,295.0,44324005.0,Phosphothreonine,Phosphorylation,714.0,381.0,381.0,SE,,,,,,,,,,,,,
253,SE_100,0.094,5.93777417652e-05,NDUFV3,P56181-2_S306,P56181-2,S,306.0,44324038.0,Phosphoserine,Phosphorylation,747.0,348.0,348.0,SE,,,,,,,,,,,,,
254,SE_100,0.094,5.93777417652e-05,NDUFV3,P56181-2_S325,P56181-2,S,325.0,44324095.0,Phosphoserine,Phosphorylation,804.0,291.0,291.0,SE,,,,,,,,,,,,,
255,SE_103,-0.34,7.10555370355e-05,GRHL1,Q9NZI5-1_S231,Q9NZI5,S,231.0,10102605.0,Phosphoserine,Phosphorylation,22.0,55.0,22.0,SE,,,,,,,,,,,,,
256,SE_105,0.073,8.86527157995e-05,AGTRAP,Q6RW13-1_R113,Q6RW13,R,113.0,11808640.0,Methylation,Methylation,169.0,6.0,6.0,SE,,,,,,,,,,,,,
257,SE_107,0.169,9.54183541097e-05,EXOC7,Q9UPT5-1_K291,Q9UPT5-1,K,291.0,74087254.0,Ubiquitination,Ubiquitination,31.0,62.0,31.0,SE,,,,,,,,,,,,,
258,SE_107,0.169,9.54183541097e-05,EXOC7,Q9UPT5-3_S283,Q9UPT5,S,283.0,74087278.0,Phosphoserine,Phosphorylation,55.0,38.0,38.0,SE,,,,,,,,,,,,,
259,SE_107,0.169,9.54183541097e-05,EXOC7,Q9UPT5-3_K280,Q9UPT5,K,280.0,74087287.0,Ubiquitination,Ubiquitination,64.0,29.0,29.0,SE,,,,,,,,,,,,,
260,SE_107,0.169,9.54183541097e-05,EXOC7,Q9UPT5-3_K274,Q9UPT5,K,274.0,74087305.0,Ubiquitination,Ubiquitination,82.0,11.0,11.0,SE,,,,,,,,,,,,,
261,SE_107,0.169,9.54183541097e-05,EXOC7,Q9UPT5-3_T271,Q9UPT5,T,271.0,74087314.0,Phosphothreonine,Phosphorylation,91.0,2.0,2.0,SE,,,,,,,,,,,,,
262,SE_108,-0.49,0.00013012542382,DNMT3B,Q9UBC3-1_K777,Q9UBC3,K,777.0,31394042.0,Ubiquitination,Ubiquitination,28.0,91.0,28.0,SE,,,,,,,,,,,,,
263,SE_108,-0.49,0.00013012542382,DNMT3B,Q9UBC3-1_S780,Q9UBC3,S,780.0,31394051.0,Phosphoserine,Phosphorylation,37.0,82.0,37.0,SE,,,,,,,,,,,,,
264,SE_109,-0.064,0.000139885703868,SPTAN1,Q13813-1_T1053,Q13813,T,1053.0,131355263.0,Phosphothreonine,Phosphorylation,2.0,58.0,2.0,SE,,,,,,,,,,,,,
265,SE_109,-0.064,0.000139885703868,SPTAN1,Q13813-1_K1057,Q13813,K,1057.0,131355275.0,Ubiquitination,Ubiquitination,14.0,46.0,14.0,SE,,,,,,,,,,,,,
266,SE_109,-0.064,0.000139885703868,SPTAN1,Q13813-1_S1061,Q13813,S,1061.0,131355287.0,Phosphoserine,Phosphorylation,26.0,34.0,26.0,SE,,,,,,,,,,,,,
267,SE_109,-0.064,0.000139885703868,SPTAN1,Q13813-1_S1063,Q13813,S,1063.0,131355293.0,Phosphoserine,Phosphorylation,32.0,28.0,28.0,SE,,,,,,,,,,,,,
268,SE_109,-0.064,0.000139885703868,SPTAN1,Q13813-1_K1067,Q13813,K,1067.0,131355305.0,Ubiquitination,Ubiquitination,44.0,16.0,16.0,SE,,,,,,,,,,,,,
269,SE_112,-0.22,0.000183819312003,CD47,Q08722-1_K304,Q08722,K,304.0,107769449.0,Ubiquitination,Ubiquitination,25.0,0.0,0.0,SE,,,,,,,,,,,,,
270,SE_115,0.135,0.000185478567309,AGTRAP,Q6RW13-1_R113,Q6RW13,R,113.0,11808640.0,Methylation,Methylation,169.0,27.0,27.0,SE,,,,,,,,,,,,,
271,SE_116,-0.161,0.000211254197372,YAP1,P46937-1_S340,P46937,S,340.0,102080281.0,Phosphoserine,Phosphorylation,34.0,14.0,14.0,SE,,,,,,,,,,,,,
272,SE_116,-0.161,0.000211254197372,YAP1,P46937-1_K342,P46937,K,342.0,102080287.0,Ubiquitination,Ubiquitination,40.0,8.0,8.0,SE,"carcinogenesis, altered",,,protein degradation,,,,,,,,,
273,SE_118,-0.162,0.000233993950604,NCOR2,Q9Y618-1_S2393,Q9Y618,S,2393.0,124811961.0,Phosphoserine,Phosphorylation,7.0,218.0,7.0,SE,,,,,,,,,,,,,
274,SE_119,-0.127,0.000299894370815,CD44,P16070-1_S291,P16070,S,291.0,35219742.0,Phosphoserine,Phosphorylation,75.0,51.0,51.0,SE,,,,,,,,,,,PKC_group,,PKC_GROUP
275,SE_119,-0.127,0.000299894370815,CD44,P16070-1_S305,P16070,S,305.0,35219784.0,Phosphoserine,Phosphorylation,117.0,9.0,9.0,SE,,,,,,,,,,,,,
276,SE_123,-0.088,0.000660083944775,CD44,P16070-1_S514,P16070,S,514.0,35231535.0,N-Glycosylation,Glycosylation,24.0,66.0,24.0,SE,,,,,,,,,,,,,
277,SE_123,-0.088,0.000660083944775,CD44,P16070-1_T515,P16070,T,515.0,35231538.0,N-Glycosylation,Glycosylation,27.0,63.0,27.0,SE,,,,,,,,,,,,,
278,SE_123,-0.088,0.000660083944775,CD44,P16070-1_T528,P16070,T,528.0,35231577.0,N-Glycosylation,Glycosylation,66.0,24.0,24.0,SE,,,,,,,,,,,,,
279,SE_123,-0.088,0.000660083944775,CD44,P16070-1_T529,P16070,T,529.0,35231580.0,N-Glycosylation,Glycosylation,69.0,21.0,21.0,SE,,,,,,,,,,,,,
280,SE_124,-0.104,0.000668653300271,CD44,P16070-1_S514,P16070,S,514.0,35231535.0,N-Glycosylation,Glycosylation,24.0,66.0,24.0,SE,,,,,,,,,,,,,
281,SE_124,-0.104,0.000668653300271,CD44,P16070-1_T515,P16070,T,515.0,35231538.0,N-Glycosylation,Glycosylation,27.0,63.0,27.0,SE,,,,,,,,,,,,,
282,SE_124,-0.104,0.000668653300271,CD44,P16070-1_T528,P16070,T,528.0,35231577.0,N-Glycosylation,Glycosylation,66.0,24.0,24.0,SE,,,,,,,,,,,,,
283,SE_124,-0.104,0.000668653300271,CD44,P16070-1_T529,P16070,T,529.0,35231580.0,N-Glycosylation,Glycosylation,69.0,21.0,21.0,SE,,,,,,,,,,,,,
284,SE_125,0.104,0.000796487455302,LSM14B,Q9BX40-1_S224,Q9BX40,S,224.0,60705349.0,Phosphoserine,Phosphorylation,75.0,3.0,3.0,SE,,,,,,,,,,,,,
285,SE_126,0.073,0.000895542396475,TCEA2,Q15560-1_S83,Q15560,S,83.0,62699405.0,Phosphoserine,Phosphorylation,6.0,82.0,6.0,SE,,,,,,,,,,,,,
286,SE_126,0.073,0.000895542396475,TCEA2,Q15560-1_R92,Q15560,R,92.0,62699432.0,Methylation,Methylation,33.0,55.0,33.0,SE,,,,,,,,,,,,,
287,SE_126,0.073,0.000895542396475,TCEA2,Q15560-1_T98,Q15560,T,98.0,62699450.0,Phosphothreonine,Phosphorylation,51.0,37.0,37.0,SE,,,,,,,,,,,,,
288,SE_126,0.073,0.000895542396475,TCEA2,Q15560-1_S100,Q15560,S,100.0,62699456.0,Phosphoserine,Phosphorylation,57.0,31.0,31.0,SE,,,,,,,,,,,,,
289,SE_126,0.073,0.000895542396475,TCEA2,Q15560-1_S104,Q15560,S,104.0,62699468.0,Phosphoserine,Phosphorylation,69.0,19.0,19.0,SE,,,,,,,,,,,,,
290,SE_126,0.073,0.000895542396475,TCEA2,Q15560-1_S110,Q15560,S,110.0,62699486.0,Phosphoserine,Phosphorylation,87.0,1.0,1.0,SE,,,,,,,,,,,,,
291,SE_129,-0.12,0.00138537668437,EHBP1L1,Q8N3D4-1_S993,Q8N3D4,S,993.0,65351120.0,Phosphoserine,Phosphorylation,58.0,116.0,58.0,SE,,,,,,,,,,,,,
292,SE_129,-0.12,0.00138537668437,EHBP1L1,Q8N3D4-1_S998,Q8N3D4,S,998.0,65351135.0,Phosphoserine,Phosphorylation,73.0,101.0,73.0,SE,,,,,,,,,,,,,
293,SE_129,-0.12,0.00138537668437,EHBP1L1,Q8N3D4-1_S1016,Q8N3D4,S,1016.0,65351189.0,Phosphoserine,Phosphorylation,127.0,47.0,47.0,SE,,,,,,,,,,,,,
294,SE_129,-0.12,0.00138537668437,EHBP1L1,Q8N3D4-1_S1017,Q8N3D4,S,1017.0,65351192.0,Phosphoserine,Phosphorylation,130.0,44.0,44.0,SE,,,,,,,,,,,,,
295,SE_132,-0.189,0.00303184199789,EXOC1,Q9NV70-1_T445,Q9NV70,T,445.0,56755056.0,Phosphothreonine,Phosphorylation,3.0,42.0,3.0,SE,,,,,,,,,,,,,
296,SE_132,-0.189,0.00303184199789,EXOC1,Q9NV70-1_S451,Q9NV70,S,451.0,56755074.0,Phosphoserine,Phosphorylation,21.0,24.0,21.0,SE,,,,,,,,,,,,,
297,SE_132,-0.189,0.00303184199789,EXOC1,Q9NV70-1_T457,Q9NV70,T,457.0,56755092.0,Phosphothreonine,Phosphorylation,39.0,6.0,6.0,SE,,,,,,,,,,,,,
298,SE_132,-0.189,0.00303184199789,EXOC1,Q9NV70-1_S459,Q9NV70,S,459.0,56755098.0,Phosphoserine,Phosphorylation,45.0,0.0,0.0,SE,,,,,,,,,,,,,
299,SE_133,0.078,0.0033956335362,TMC6,Q7Z403-1_S420,Q7Z403,S,420.0,76117762.0,Phosphoserine,Phosphorylation,126.0,30.0,30.0,SE,,,,,,,,,,,,,
300,SE_134,-0.095,0.00357667112572,TMPO,P42167-1_T299,P42167,T,299.0,98938744.0,Phosphothreonine,Phosphorylation,16.0,95.0,16.0,SE,,,,,,,,,,,,,
301,SE_134,-0.095,0.00357667112572,TMPO,P42167-1_K303,P42167,K,303.0,98938756.0,Methylation;Ubiquitination,Methylation,28.0,83.0,28.0,SE,,,,,,,,,,,,,
302,SE_134,-0.095,0.00357667112572,TMPO,P42167-1_K303,P42167,K,303.0,98938756.0,Methylation;Ubiquitination,Ubiquitination,28.0,83.0,28.0,SE,,,,,,,,,,,,,
303,SE_134,-0.095,0.00357667112572,TMPO,P42167-1_S306,P42167,S,306.0,98938765.0,Phosphoserine,Phosphorylation,37.0,74.0,37.0,SE,,,,,,,,,,,,,
304,SE_134,-0.095,0.00357667112572,TMPO,P42167-1_T312,P42167,T,312.0,98938783.0,Phosphothreonine,Phosphorylation,55.0,56.0,55.0,SE,,,,,,,,,,,,,
305,SE_134,-0.095,0.00357667112572,TMPO,P42167-1_S315,P42167,S,315.0,98938792.0,Phosphoserine,Phosphorylation,64.0,47.0,47.0,SE,,,,,,,,,,,,,
306,SE_134,-0.095,0.00357667112572,TMPO,P42167-1_R320,P42167,R,320.0,98938807.0,Citrulline,Citrullination,79.0,32.0,32.0,SE,,,,,,,,,,,,,
307,SE_134,-0.095,0.00357667112572,TMPO,P42167-1_K323,P42167,K,323.0,98938816.0,Ubiquitination,Ubiquitination,88.0,23.0,23.0,SE,,,,,,,,,,,,,
308,SE_134,-0.095,0.00357667112572,TMPO,P42167-1_K324,P42167,K,324.0,98938819.0,Ubiquitination,Ubiquitination,91.0,20.0,20.0,SE,,,,,,,,,,,,,
309,SE_137,-0.151,0.00402200278403,ARFIP1,P53367-1_S69,P53367,S,69.0,153791907.0,Phosphoserine,Phosphorylation,3.0,93.0,3.0,SE,,,,,,,,,,,,,
310,SE_137,-0.151,0.00402200278403,ARFIP1,P53367-1_S76,P53367,S,76.0,153791928.0,Phosphoserine,Phosphorylation,24.0,72.0,24.0,SE,,,,,,,,,,,,,
311,SE_137,-0.151,0.00402200278403,ARFIP1,P53367-1_S79,P53367,S,79.0,153791937.0,Phosphoserine,Phosphorylation,33.0,63.0,33.0,SE,,,,,,,,,,,,,
312,SE_137,-0.151,0.00402200278403,ARFIP1,P53367-1_S81,P53367,S,81.0,153791943.0,Phosphoserine,Phosphorylation,39.0,57.0,39.0,SE,,,,,,,,,,,,,
313,SE_137,-0.151,0.00402200278403,ARFIP1,P53367-1_S93,P53367,S,93.0,153791979.0,Phosphoserine,Phosphorylation,75.0,21.0,21.0,SE,,,,,,,,,,,,,
314,SE_139,0.058,0.00427500951884,CLIP1,P30622-3_T501,P30622,T,501.0,122831927.0,Phosphothreonine,Phosphorylation,6.0,99.0,6.0,SE,,,,,,,,,,,,,
315,SE_142,0.096,0.00537915638752,FLNB,O75369-8_T1467,O75369-8,T,1467.0,58117662.0,Phosphothreonine,Phosphorylation,9.0,84.0,9.0,SE,,,,,,,,,,,,,
316,SE_142,0.096,0.00537915638752,FLNB,O75369-8_S1469,O75369-8,S,1469.0,58117668.0,Phosphoserine,Phosphorylation,15.0,78.0,15.0,SE,,,,,,,,,,,,,
317,SE_142,0.096,0.00537915638752,FLNB,O75369-8_S1474,O75369-8,S,1474.0,58117683.0,Phosphoserine,Phosphorylation,30.0,63.0,30.0,SE,,,,,,,,,,,,,
318,SE_142,0.096,0.00537915638752,FLNB,O75369-8_S1480,O75369-8,S,1480.0,58117701.0,Phosphoserine,Phosphorylation,48.0,45.0,45.0,SE,,,,,,,,,,,,,
319,SE_142,0.096,0.00537915638752,FLNB,O75369-8_K1484,O75369-8,K,1484.0,58117713.0,Ubiquitination,Ubiquitination,60.0,33.0,33.0,SE,,,,,,,,,,,,,
320,SE_143,-0.11,0.00537915638752,DEPDC1,Q5TB30-5_S523,Q5TB30,S,523.0,68947924.0,Phosphoserine,Phosphorylation,196.0,656.0,196.0,SE,,,,,,,,,,,,,
321,SE_143,-0.11,0.00537915638752,DEPDC1,Q5TB30-5_S512,Q5TB30,S,512.0,68947957.0,Phosphoserine,Phosphorylation,229.0,623.0,229.0,SE,,,,,,,,,,,,,
322,SE_143,-0.11,0.00537915638752,DEPDC1,Q5TB30-5_K484,Q5TB30,K,484.0,68948041.0,Methylation,Methylation,313.0,539.0,313.0,SE,,,,,,,,,,,,,
323,SE_143,-0.11,0.00537915638752,DEPDC1,Q5TB30-5_S471,Q5TB30,S,471.0,68948080.0,Phosphoserine,Phosphorylation,352.0,500.0,352.0,SE,,,,,,,,,,,,,
324,SE_143,-0.11,0.00537915638752,DEPDC1,Q5TB30-5_S444,Q5TB30,S,444.0,68948161.0,Phosphoserine,Phosphorylation,433.0,419.0,419.0,SE,,,,,,,,,,,,,
325,SE_143,-0.11,0.00537915638752,DEPDC1,Q5TB30-5_S422,Q5TB30,S,422.0,68948227.0,Phosphoserine,Phosphorylation,499.0,353.0,353.0,SE,,,,,,,,,,,,,
326,SE_143,-0.11,0.00537915638752,DEPDC1,Q5TB30-5_S391,Q5TB30,S,391.0,68948320.0,Phosphoserine,Phosphorylation,592.0,260.0,260.0,SE,,,,,,,,,,,,,
327,SE_143,-0.11,0.00537915638752,DEPDC1,Q5TB30-5_T362,Q5TB30,T,362.0,68948407.0,Phosphothreonine,Phosphorylation,679.0,173.0,173.0,SE,,,,,,,,,,,,,
328,SE_143,-0.11,0.00537915638752,DEPDC1,Q5TB30-5_S361,Q5TB30,S,361.0,68948410.0,Phosphoserine,Phosphorylation,682.0,170.0,170.0,SE,,,,,,,,,,,,,
329,SE_143,-0.11,0.00537915638752,DEPDC1,Q5TB30-5_K356,Q5TB30,K,356.0,68948425.0,N6-acetyllysine,Acetylation,697.0,155.0,155.0,SE,,,,,,,,,,,,,
330,SE_143,-0.11,0.00537915638752,DEPDC1,Q5TB30-5_S348,Q5TB30,S,348.0,68948449.0,Phosphoserine,Phosphorylation,721.0,131.0,131.0,SE,,,,,,,,,,,,,
331,SE_143,-0.11,0.00537915638752,DEPDC1,Q5TB30-5_T342,Q5TB30,T,342.0,68948467.0,Phosphothreonine,Phosphorylation,739.0,113.0,113.0,SE,,,,,,,,,,,,,
332,SE_143,-0.11,0.00537915638752,DEPDC1,Q5TB30-5_S341,Q5TB30,S,341.0,68948470.0,Phosphoserine,Phosphorylation,742.0,110.0,110.0,SE,,,,,,,,,,,,,
333,SE_143,-0.11,0.00537915638752,DEPDC1,Q5TB30-5_S338,Q5TB30,S,338.0,68948479.0,Phosphoserine,Phosphorylation,751.0,101.0,101.0,SE,,,,,,,,,,,,,
334,SE_143,-0.11,0.00537915638752,DEPDC1,Q5TB30-5_K329,Q5TB30,K,329.0,68948506.0,Ubiquitination,Ubiquitination,778.0,74.0,74.0,SE,,,,,,,,,,,,,
335,SE_143,-0.11,0.00537915638752,DEPDC1,Q5TB30-5_K320,Q5TB30,K,320.0,68948533.0,Ubiquitination,Ubiquitination,805.0,47.0,47.0,SE,,,,,,,,,,,,,
336,SE_144,0.4,0.00640450414355,FGFR2,P21802-1_S347,P21802,S,347.0,123276878.0,Phosphoserine,Phosphorylation,46.0,99.0,46.0,SE,,,,,,,,,,,,,
337,SE_144,0.4,0.00640450414355,FGFR2,P21802-1_N331,P21802,N,331.0,123276926.0,N-Glycosylation,Glycosylation,94.0,51.0,51.0,SE,,,,,,,,,,,,,
338,SE_144,0.4,0.00640450414355,FGFR2,P21802-1_N318,P21802,N,318.0,123276965.0,N-Glycosylation,Glycosylation,133.0,12.0,12.0,SE,,,,,,,,,,,,,
339,SE_148,-0.075,0.00839017187432,PLEC,Q15149-1_K2609,Q15149,K,2609.0,144996683.0,Ubiquitination,Ubiquitination,12.0,3369.0,12.0,SE,,,,,,,,,,,,,
340,SE_148,-0.075,0.00839017187432,PLEC,Q15149-1_K2604,Q15149,K,2604.0,144996698.0,Ubiquitination,Ubiquitination,27.0,3354.0,27.0,SE,,,,,,,,,,,,,
341,SE_148,-0.075,0.00839017187432,PLEC,Q15149-1_S2578,Q15149,S,2578.0,144996776.0,Phosphoserine,Phosphorylation,105.0,3276.0,105.0,SE,,,,,,,,,,,,,
342,SE_148,-0.075,0.00839017187432,PLEC,Q15149-1_S2516,Q15149,S,2516.0,144996962.0,Phosphoserine,Phosphorylation,291.0,3090.0,291.0,SE,,,,,,,,,,,,,
343,SE_148,-0.075,0.00839017187432,PLEC,Q15149-1_K2473,Q15149,K,2473.0,144997091.0,Ubiquitination,Ubiquitination,420.0,2961.0,420.0,SE,,,,,,,,,,,,,
344,SE_148,-0.075,0.00839017187432,PLEC,Q15149-1_K2447,Q15149,K,2447.0,144997169.0,Ubiquitination,Ubiquitination,498.0,2883.0,498.0,SE,,,,,,,,,,,,,
345,SE_148,-0.075,0.00839017187432,PLEC,Q15149-1_K2409,Q15149,K,2409.0,144997283.0,Ubiquitination,Ubiquitination,612.0,2769.0,612.0,SE,,,,,,,,,,,,,
346,SE_148,-0.075,0.00839017187432,PLEC,Q15149-1_K2379,Q15149,K,2379.0,144997373.0,Ubiquitination,Ubiquitination,702.0,2679.0,702.0,SE,,,,,,,,,,,,,
347,SE_148,-0.075,0.00839017187432,PLEC,Q15149-1_S2378,Q15149,S,2378.0,144997376.0,Phosphoserine,Phosphorylation,705.0,2676.0,705.0,SE,,,,,,,,,,,,,
348,SE_148,-0.075,0.00839017187432,PLEC,Q15149-1_S2369,Q15149,S,2369.0,144997403.0,Phosphoserine,Phosphorylation,732.0,2649.0,732.0,SE,,,,,,,,,,,,,
349,SE_148,-0.075,0.00839017187432,PLEC,Q15149-1_S2361,Q15149,S,2361.0,144997427.0,Phosphoserine,Phosphorylation,756.0,2625.0,756.0,SE,,,,,,,,,,,,,
350,SE_148,-0.075,0.00839017187432,PLEC,Q15149-1_T2354,Q15149,T,2354.0,144997448.0,Phosphothreonine,Phosphorylation,777.0,2604.0,777.0,SE,,,,,,,,,,,,,
351,SE_148,-0.075,0.00839017187432,PLEC,Q15149-1_K2350,Q15149,K,2350.0,144997460.0,Ubiquitination,Ubiquitination,789.0,2592.0,789.0,SE,,,,,,,,,,,,,
352,SE_148,-0.075,0.00839017187432,PLEC,Q15149-1_K2339,Q15149,K,2339.0,144997493.0,Ubiquitination,Ubiquitination,822.0,2559.0,822.0,SE,,,,,,,,,,,,,
353,SE_148,-0.075,0.00839017187432,PLEC,Q15149-1_T2314,Q15149,T,2314.0,144997568.0,Phosphothreonine,Phosphorylation,897.0,2484.0,897.0,SE,,,,,,,,,,,,,
354,SE_148,-0.075,0.00839017187432,PLEC,Q15149-1_K2274,Q15149,K,2274.0,144997688.0,N6-acetyllysine;Ubiquitination,Acetylation,1017.0,2364.0,1017.0,SE,,,,,,,,,,,,,
355,SE_148,-0.075,0.00839017187432,PLEC,Q15149-1_K2274,Q15149,K,2274.0,144997688.0,N6-acetyllysine;Ubiquitination,Ubiquitination,1017.0,2364.0,1017.0,SE,,,,,,,,,,,,,
356,SE_148,-0.075,0.00839017187432,PLEC,Q15149-1_K2255,Q15149,K,2255.0,144997745.0,N6-acetyllysine,Acetylation,1074.0,2307.0,1074.0,SE,,,,,,,,,,,,,
357,SE_148,-0.075,0.00839017187432,PLEC,Q15149-1_K2198,Q15149,K,2198.0,144997916.0,Ubiquitination,Ubiquitination,1245.0,2136.0,1245.0,SE,,,,,,,,,,,,,
358,SE_148,-0.075,0.00839017187432,PLEC,Q15149-1_K2189,Q15149,K,2189.0,144997943.0,N6-acetyllysine,Acetylation,1272.0,2109.0,1272.0,SE,,,,,,,,,,,,,
359,SE_148,-0.075,0.00839017187432,PLEC,Q15149-1_K2182,Q15149,K,2182.0,144997964.0,N6-acetyllysine;Ubiquitination,Acetylation,1293.0,2088.0,1293.0,SE,,,,,,,,,,,,,
360,SE_148,-0.075,0.00839017187432,PLEC,Q15149-1_K2182,Q15149,K,2182.0,144997964.0,N6-acetyllysine;Ubiquitination,Ubiquitination,1293.0,2088.0,1293.0,SE,,,,,,,,,,,,,
361,SE_148,-0.075,0.00839017187432,PLEC,Q15149-1_K2142,Q15149,K,2142.0,144998084.0,Ubiquitination,Ubiquitination,1413.0,1968.0,1413.0,SE,,,,,,,,,,,,,
362,SE_148,-0.075,0.00839017187432,PLEC,Q15149-1_K2078,Q15149,K,2078.0,144998276.0,Ubiquitination,Ubiquitination,1605.0,1776.0,1605.0,SE,,,,,,,,,,,,,
363,SE_148,-0.075,0.00839017187432,PLEC,Q15149-1_T2053,Q15149,T,2053.0,144998351.0,Phosphothreonine,Phosphorylation,1680.0,1701.0,1680.0,SE,,,,,,,,,,,,,
364,SE_148,-0.075,0.00839017187432,PLEC,Q15149-1_K2047,Q15149,K,2047.0,144998369.0,Ubiquitination,Ubiquitination,1698.0,1683.0,1683.0,SE,,,,,,,,,,,,,
365,SE_148,-0.075,0.00839017187432,PLEC,Q15149-1_S2039,Q15149,S,2039.0,144998393.0,Phosphoserine,Phosphorylation,1722.0,1659.0,1659.0,SE,,,,,,,,,,,,,
366,SE_148,-0.075,0.00839017187432,PLEC,Q15149-1_K2025,Q15149,K,2025.0,144998435.0,Ubiquitination,Ubiquitination,1764.0,1617.0,1617.0,SE,,,,,,,,,,,,,
367,SE_148,-0.075,0.00839017187432,PLEC,Q15149-1_T1983,Q15149,T,1983.0,144998561.0,Phosphothreonine,Phosphorylation,1890.0,1491.0,1491.0,SE,,,,,,,,,,,,,
368,SE_148,-0.075,0.00839017187432,PLEC,Q15149-1_K1975,Q15149,K,1975.0,144998585.0,N6-acetyllysine,Acetylation,1914.0,1467.0,1467.0,SE,,,,,,,,,,,,,
369,SE_148,-0.075,0.00839017187432,PLEC,Q15149-1_R1942,Q15149,R,1942.0,144998684.0,Methylation,Methylation,2013.0,1368.0,1368.0,SE,,,,,,,,,,,,,
370,SE_148,-0.075,0.00839017187432,PLEC,Q15149-1_K1908,Q15149,K,1908.0,144998786.0,N6-acetyllysine,Acetylation,2115.0,1266.0,1266.0,SE,,,,,,,,,,,,,
371,SE_148,-0.075,0.00839017187432,PLEC,Q15149-1_S1907,Q15149,S,1907.0,144998789.0,Phosphoserine,Phosphorylation,2118.0,1263.0,1263.0,SE,,,,,,,,,,,,,
372,SE_148,-0.075,0.00839017187432,PLEC,Q15149-1_T1859,Q15149,T,1859.0,144998933.0,Phosphothreonine,Phosphorylation,2262.0,1119.0,1119.0,SE,,,,,,,,,,,,,
373,SE_148,-0.075,0.00839017187432,PLEC,Q15149-1_R1812,Q15149,R,1812.0,144999074.0,Methylation,Methylation,2403.0,978.0,978.0,SE,,,,,,,,,,,,,
374,SE_148,-0.075,0.00839017187432,PLEC,Q15149-1_K1792,Q15149,K,1792.0,144999134.0,Ubiquitination,Ubiquitination,2463.0,918.0,918.0,SE,,,,,,,,,,,,,
375,SE_148,-0.075,0.00839017187432,PLEC,Q15149-1_K1774,Q15149,K,1774.0,144999188.0,N6-acetyllysine,Acetylation,2517.0,864.0,864.0,SE,,,,,,,,,,,,,
376,SE_148,-0.075,0.00839017187432,PLEC,Q15149-1_S1732,Q15149,S,1732.0,144999314.0,Phosphoserine,Phosphorylation,2643.0,738.0,738.0,SE,,,,,,,,,,,,,
377,SE_148,-0.075,0.00839017187432,PLEC,Q15149-1_T1726,Q15149,T,1726.0,144999332.0,Phosphothreonine,Phosphorylation,2661.0,720.0,720.0,SE,,,,,,,,,,,,,
378,SE_148,-0.075,0.00839017187432,PLEC,Q15149-1_K1725,Q15149,K,1725.0,144999335.0,N6-acetyllysine;Ubiquitination,Acetylation,2664.0,717.0,717.0,SE,,,,,,,,,,,,,
379,SE_148,-0.075,0.00839017187432,PLEC,Q15149-1_K1725,Q15149,K,1725.0,144999335.0,N6-acetyllysine;Ubiquitination,Ubiquitination,2664.0,717.0,717.0,SE,,,,,,,,,,,,,
380,SE_148,-0.075,0.00839017187432,PLEC,Q15149-1_S1721,Q15149,S,1721.0,144999347.0,Phosphoserine,Phosphorylation,2676.0,705.0,705.0,SE,,,,,,,,,,,,,
381,SE_148,-0.075,0.00839017187432,PLEC,Q15149-1_K1718,Q15149,K,1718.0,144999356.0,Ubiquitination,Ubiquitination,2685.0,696.0,696.0,SE,,,,,,,,,,,,,
382,SE_148,-0.075,0.00839017187432,PLEC,Q15149-1_S1717,Q15149,S,1717.0,144999359.0,Phosphoserine,Phosphorylation,2688.0,693.0,693.0,SE,,,,,,,,,,,,,
383,SE_148,-0.075,0.00839017187432,PLEC,Q15149-4_S1507;Q15149-1_S1644,Q15149,S,1644.0,144999578.0,Phosphoserine,Phosphorylation,2907.0,474.0,474.0,SE,,,,,,,,,,,,,
384,SE_148,-0.075,0.00839017187432,PLEC,Q15149-1_R1637,Q15149,R,1637.0,144999599.0,Methylation,Methylation,2928.0,453.0,453.0,SE,,,,,,,,,,,,,
385,SE_148,-0.075,0.00839017187432,PLEC,Q15149-1_R1627,Q15149,R,1627.0,144999629.0,Methylation,Methylation,2958.0,423.0,423.0,SE,,,,,,,,,,,,,
386,SE_148,-0.075,0.00839017187432,PLEC,Q15149-1_R1605,Q15149,R,1605.0,144999695.0,Methylation,Methylation,3024.0,357.0,357.0,SE,,,,,,,,,,,,,
387,SE_148,-0.075,0.00839017187432,PLEC,Q15149-1_K1573,Q15149,K,1573.0,144999791.0,Ubiquitination,Ubiquitination,3120.0,261.0,261.0,SE,,,,,,,,,,,,,
388,SE_148,-0.075,0.00839017187432,PLEC,Q15149-1_S1566,Q15149,S,1566.0,144999812.0,Phosphoserine,Phosphorylation,3141.0,240.0,240.0,SE,,,,,,,,,,,,,
389,SE_148,-0.075,0.00839017187432,PLEC,Q15149-1_S1565,Q15149,S,1565.0,144999815.0,Phosphoserine,Phosphorylation,3144.0,237.0,237.0,SE,,,,,,,,,,,,,
390,SE_148,-0.075,0.00839017187432,PLEC,Q15149-1_S1554,Q15149,S,1554.0,144999848.0,Phosphoserine,Phosphorylation,3177.0,204.0,204.0,SE,,,,,,,,,,,,,
391,SE_148,-0.075,0.00839017187432,PLEC,Q15149-1_K1552,Q15149,K,1552.0,144999854.0,Ubiquitination,Ubiquitination,3183.0,198.0,198.0,SE,,,,,,,,,,,,,
392,SE_148,-0.075,0.00839017187432,PLEC,Q15149-1_K1508,Q15149,K,1508.0,144999986.0,Ubiquitination,Ubiquitination,3315.0,66.0,66.0,SE,,,,,,,,,,,,,
393,SE_151,0.098,0.00915036713216,CLSTN3,Q9BQT9-1_S878,Q9BQT9,S,878.0,7310189.0,Phosphoserine,Phosphorylation,105.0,98.0,98.0,SE,,,,,,,,,,,,,
394,SE_152,-0.385,0.0105460397799,BCAS1,O75363-1_S451,O75363,S,451.0,52574036.0,Phosphoserine,Phosphorylation,66.0,0.0,0.0,SE,,,,,,,,,,,,,
395,SE_154,0.253,0.0129400018182,SPHK2,Q9NRA0-1_S355,Q9NRA0,S,355.0,49132128.0,Phosphoserine,Phosphorylation,191.0,855.0,191.0,SE,,,,,,,,,,,,,
396,SE_154,0.253,0.0129400018182,SPHK2,Q9NRA0-1_T359,Q9NRA0,T,359.0,49132140.0,Phosphothreonine,Phosphorylation,203.0,843.0,203.0,SE,,,,,,,,,,,,,
397,SE_154,0.253,0.0129400018182,SPHK2,Q9NRA0-1_T368,Q9NRA0,T,368.0,49132167.0,Phosphothreonine,Phosphorylation,230.0,816.0,230.0,SE,,,,,,,,,,,,,
398,SE_154,0.253,0.0129400018182,SPHK2,Q9NRA0-1_T371,Q9NRA0,T,371.0,49132176.0,Phosphothreonine,Phosphorylation,239.0,807.0,239.0,SE,,,,,,,,,,,,,
399,SE_154,0.253,0.0129400018182,SPHK2,Q9NRA0-1_Y372,Q9NRA0,Y,372.0,49132179.0,Phosphotyrosine,Phosphorylation,242.0,804.0,242.0,SE,,,,,,,,,,,,,
400,SE_154,0.253,0.0129400018182,SPHK2,Q9NRA0-1_Y378,Q9NRA0,Y,378.0,49132197.0,Phosphotyrosine,Phosphorylation,260.0,786.0,260.0,SE,,,,,,,,,,,,,
401,SE_154,0.253,0.0129400018182,SPHK2,Q9NRA0-1_S387,Q9NRA0,S,387.0,49132224.0,Phosphoserine,Phosphorylation,287.0,759.0,287.0,SE,"cell motility, altered",,,,,,,,,,,,
402,SE_154,0.253,0.0129400018182,SPHK2,Q9NRA0-1_T389,Q9NRA0,T,389.0,49132230.0,Phosphothreonine,Phosphorylation,293.0,753.0,293.0,SE,,,,,,,,,,,,,
403,SE_154,0.253,0.0129400018182,SPHK2,Q9NRA0-1_S393,Q9NRA0,S,393.0,49132242.0,Phosphoserine,Phosphorylation,305.0,741.0,305.0,SE,,,,,,,,,,,,,
404,SE_154,0.253,0.0129400018182,SPHK2,Q9NRA0-1_S399,Q9NRA0,S,399.0,49132260.0,Phosphoserine,Phosphorylation,323.0,723.0,323.0,SE,,,,,,,,,,,,,
405,SE_154,0.253,0.0129400018182,SPHK2,Q9NRA0-1_T402,Q9NRA0,T,402.0,49132269.0,Phosphothreonine,Phosphorylation,332.0,714.0,332.0,SE,,,,,,,,,,,,,
406,SE_154,0.253,0.0129400018182,SPHK2,Q9NRA0-1_T404,Q9NRA0,T,404.0,49132275.0,Phosphothreonine,Phosphorylation,338.0,708.0,338.0,SE,,,,,,,,,,,,,
407,SE_154,0.253,0.0129400018182,SPHK2,Q9NRA0-1_S414,Q9NRA0,S,414.0,49132305.0,Phosphoserine,Phosphorylation,368.0,678.0,368.0,SE,,,,,,,,,,,,,
408,SE_154,0.253,0.0129400018182,SPHK2,Q9NRA0-1_S419,Q9NRA0,S,419.0,49132320.0,Phosphoserine,Phosphorylation,383.0,663.0,383.0,SE,,,,intracellular localization,,,,,,,,,
409,SE_154,0.253,0.0129400018182,SPHK2,Q9NRA0-1_S421,Q9NRA0,S,421.0,49132326.0,Phosphoserine,Phosphorylation,389.0,657.0,389.0,SE,,,,intracellular localization,,,,,,,,,
410,SE_154,0.253,0.0129400018182,SPHK2,Q9NRA0-1_S473,Q9NRA0,S,473.0,49132482.0,Phosphoserine,Phosphorylation,545.0,501.0,501.0,SE,,,,,,,,,,,,,
411,SE_154,0.253,0.0129400018182,SPHK2,Q9NRA0-1_S477,Q9NRA0,S,477.0,49132494.0,Phosphoserine,Phosphorylation,557.0,489.0,489.0,SE,,,,,,,,,,,,,
412,SE_154,0.253,0.0129400018182,SPHK2,Q9NRA0-1_S484,Q9NRA0,S,484.0,49132515.0,Phosphoserine,Phosphorylation,578.0,468.0,468.0,SE,,,,,,,,,,,,,
413,SE_154,0.253,0.0129400018182,SPHK2,Q9NRA0-1_T614,Q9NRA0,T,614.0,49132905.0,Phosphothreonine,Phosphorylation,968.0,78.0,78.0,SE,"cell motility, altered",,,,,,,,,,,,
414,SE_155,-0.124,0.0198570867172,NUMB,P49757-1_S413,P49757,S,413.0,73745992.0,Phosphoserine,Phosphorylation,4.0,140.0,4.0,SE,,,,,,,,,,,,,
415,SE_158,-0.061,0.0209813958148,MPZL1,O95297-1_S204,O95297,S,204.0,167745305.0,Phosphoserine,Phosphorylation,5.0,98.0,5.0,SE,,,,,,,,,,,,,
416,SE_158,-0.061,0.0209813958148,MPZL1,O95297-1_T205,O95297,T,205.0,167745308.0,Phosphothreonine,Phosphorylation,8.0,95.0,8.0,SE,,,,,,,,,,,,,
417,SE_158,-0.061,0.0209813958148,MPZL1,O95297-1_S206,O95297,S,206.0,167745311.0,Phosphoserine,Phosphorylation,11.0,92.0,11.0,SE,,,,,,,,,,,,,
418,SE_158,-0.061,0.0209813958148,MPZL1,O95297-1_S208,O95297,S,208.0,167745317.0,Phosphoserine,Phosphorylation,17.0,86.0,17.0,SE,,,,,,,,,,,,,
419,SE_158,-0.061,0.0209813958148,MPZL1,O95297-1_S210,O95297,S,210.0,167745323.0,Phosphoserine,Phosphorylation,23.0,80.0,23.0,SE,,,,,,,,,,,,,
420,SE_158,-0.061,0.0209813958148,MPZL1,O95297-1_K213,O95297,K,213.0,167745332.0,Ubiquitination,Ubiquitination,32.0,71.0,32.0,SE,,,,,,,,,,,,,
421,SE_158,-0.061,0.0209813958148,MPZL1,O95297-1_K218,O95297,K,218.0,167745347.0,Ubiquitination,Ubiquitination,47.0,56.0,47.0,SE,,,,,,,,,,,,,
422,SE_158,-0.061,0.0209813958148,MPZL1,O95297-1_S219,O95297,S,219.0,167745350.0,Phosphoserine,Phosphorylation,50.0,53.0,50.0,SE,,,,,,,,,,,,,
423,SE_158,-0.061,0.0209813958148,MPZL1,O95297-1_S221,O95297,S,221.0,167745356.0,Phosphoserine,Phosphorylation,56.0,47.0,47.0,SE,,,,,,,,,,,,,
424,SE_158,-0.061,0.0209813958148,MPZL1,O95297-1_T223,O95297,T,223.0,167745362.0,Phosphothreonine,Phosphorylation,62.0,41.0,41.0,SE,,,,,,,,,,,,,
425,SE_158,-0.061,0.0209813958148,MPZL1,O95297-1_K228,O95297,K,228.0,167745377.0,Ubiquitination,Ubiquitination,77.0,26.0,26.0,SE,,,,,,,,,,,,,
426,SE_158,-0.061,0.0209813958148,MPZL1,O95297-1_S229,O95297,S,229.0,167745380.0,Phosphoserine,Phosphorylation,80.0,23.0,23.0,SE,,,,,,,,,,,,,
427,SE_158,-0.061,0.0209813958148,MPZL1,O95297-1_S232,O95297,S,232.0,167745389.0,Phosphoserine,Phosphorylation,89.0,14.0,14.0,SE,,,,,,,,,,,,,
428,SE_158,-0.061,0.0209813958148,MPZL1,O95297-1_S234,O95297,S,234.0,167745395.0,Phosphoserine,Phosphorylation,95.0,8.0,8.0,SE,,,,,,,,,,,,,
429,SE_159,-0.196,0.0209813958148,TMPO,P42167-1_T264,P42167,T,264.0,98938226.0,Phosphothreonine,Phosphorylation,7.0,89.0,7.0,SE,,,,,,,,,,,,,
430,SE_159,-0.196,0.0209813958148,TMPO,P42167-1_S265,P42167,S,265.0,98938229.0,Phosphoserine,Phosphorylation,10.0,86.0,10.0,SE,,,,,,,,,,,,,
431,SE_159,-0.196,0.0209813958148,TMPO,P42167-1_S276,P42167,S,276.0,98938262.0,Phosphoserine,Phosphorylation,43.0,53.0,43.0,SE,,,,,,,,,,,,,
432,SE_159,-0.196,0.0209813958148,TMPO,P42167-1_S278,P42167,S,278.0,98938268.0,Phosphoserine,Phosphorylation,49.0,47.0,47.0,SE,,,,,,,,,,,,,
433,SE_159,-0.196,0.0209813958148,TMPO,P42167-1_T279,P42167,T,279.0,98938271.0,Phosphothreonine,Phosphorylation,52.0,44.0,44.0,SE,,,,,,,,,,,,,
434,SE_159,-0.196,0.0209813958148,TMPO,P42167-1_T284,P42167,T,284.0,98938286.0,Phosphothreonine,Phosphorylation,67.0,29.0,29.0,SE,,,,,,,,,,,,,
435,SE_159,-0.196,0.0209813958148,TMPO,P42167-1_S288,P42167,S,288.0,98938298.0,Phosphoserine,Phosphorylation,79.0,17.0,17.0,SE,,,,,,,,,,,,,
436,SE_159,-0.196,0.0209813958148,TMPO,P42167-1_S289,P42167,S,289.0,98938301.0,Phosphoserine,Phosphorylation,82.0,14.0,14.0,SE,,,,,,,,,,,,,
437,SE_159,-0.196,0.0209813958148,TMPO,P42167-1_S292,P42167,S,292.0,98938310.0,Phosphoserine,Phosphorylation,91.0,5.0,5.0,SE,,,,,,,,,,,,,
438,SE_160,0.178,0.0215960269375,MAP7,Q14244-1_S209,Q14244,S,209.0,136704821.0,Phosphoserine,Phosphorylation,13.0,98.0,13.0,SE,,,,,,,,,,,,,
439,SE_160,0.178,0.0215960269375,MAP7,Q14244-1_T205,Q14244,T,205.0,136704833.0,Phosphothreonine,Phosphorylation,25.0,86.0,25.0,SE,,,,,,,,,,,,,
440,SE_160,0.178,0.0215960269375,MAP7,Q14244-1_S203,Q14244,S,203.0,136704839.0,Phosphoserine,Phosphorylation,31.0,80.0,31.0,SE,,,,,,,,,,,,,
441,SE_160,0.178,0.0215960269375,MAP7,Q14244-1_S202,Q14244,S,202.0,136704842.0,Phosphoserine,Phosphorylation,34.0,77.0,34.0,SE,,,,,,,,,,,,,
442,SE_160,0.178,0.0215960269375,MAP7,Q14244-1_S201,Q14244,S,201.0,136704845.0,Phosphoserine,Phosphorylation,37.0,74.0,37.0,SE,,,,,,,,,,,,,
443,SE_160,0.178,0.0215960269375,MAP7,Q14244-1_S200,Q14244,S,200.0,136704848.0,Phosphoserine,Phosphorylation,40.0,71.0,40.0,SE,,,,,,,,,,,,,
444,SE_160,0.178,0.0215960269375,MAP7,Q14244-1_Y190,Q14244,Y,190.0,136704878.0,Phosphotyrosine,Phosphorylation,70.0,41.0,41.0,SE,,,,,,,,,,,,,
445,SE_160,0.178,0.0215960269375,MAP7,Q14244-1_S188,Q14244,S,188.0,136704884.0,Phosphoserine,Phosphorylation,76.0,35.0,35.0,SE,,,,,,,,,,,,,
446,SE_160,0.178,0.0215960269375,MAP7,Q14244-1_T184,Q14244,T,184.0,136704896.0,Phosphothreonine,Phosphorylation,88.0,23.0,23.0,SE,,,,,,,,,,,,,
447,SE_160,0.178,0.0215960269375,MAP7,Q14244-1_S183,Q14244,S,183.0,136704899.0,Phosphoserine,Phosphorylation,91.0,20.0,20.0,SE,,,,,,,,,,,,,
448,SE_160,0.178,0.0215960269375,MAP7,Q14244-1_S181,Q14244,S,181.0,136704905.0,Phosphoserine,Phosphorylation,97.0,14.0,14.0,SE,,,,,,,,,,,,,
449,SE_161,-0.257,0.0229646836607,MAP3K7,O43318-1_S417,O43318,S,417.0,91254313.0,Phosphoserine,Phosphorylation,43.0,38.0,38.0,SE,,,,,,,,,,,,,
450,SE_161,-0.257,0.0229646836607,MAP3K7,O43318-1_T415,O43318,T,415.0,91254319.0,Phosphothreonine,Phosphorylation,49.0,32.0,32.0,SE,,,,,,,,,,,,,
451,SE_161,-0.257,0.0229646836607,MAP3K7,O43318-1_S406,O43318,S,406.0,91254346.0,Phosphoserine,Phosphorylation,76.0,5.0,5.0,SE,,,,,,,,,,,,,
452,SE_161,-0.257,0.0229646836607,MAP3K7,O43318-1_Y405,O43318,Y,405.0,91254349.0,Phosphotyrosine,Phosphorylation,79.0,2.0,2.0,SE,,,,,,,,,,,,,
453,SE_163,-0.452,0.0252377014491,MARK2,Q7KZI7-1_S648,Q7KZI7,S,648.0,63673567.0,Phosphoserine,Phosphorylation,8.0,19.0,8.0,SE,,,,,,,,,,,,,
454,SE_166,0.203,0.0330240714063,PRC1,O43663-1_T593,O43663,T,593.0,91512323.0,Phosphothreonine,Phosphorylation,15.0,27.0,15.0,SE,,,,,,,,,,,,,
455,SE_166,0.203,0.0330240714063,PRC1,O43663-1_S592,O43663,S,592.0,91512326.0,Phosphoserine,Phosphorylation,18.0,24.0,18.0,SE,,,,,,,,,,,,,
456,SE_166,0.203,0.0330240714063,PRC1,O43663-1_S591,O43663,S,591.0,91512329.0,Phosphoserine,Phosphorylation,21.0,21.0,21.0,SE,,,,,,,,,,,,,
457,SE_166,0.203,0.0330240714063,PRC1,O43663-1_S589,O43663,S,589.0,91512335.0,Phosphoserine,Phosphorylation,27.0,15.0,15.0,SE,,,,,,,,,,,,,
458,SE_166,0.203,0.0330240714063,PRC1,O43663-1_S587,O43663,S,587.0,91512341.0,Phosphoserine,Phosphorylation,33.0,9.0,9.0,SE,,,,,,,,,,,,,
459,SE_170,0.167,0.0352135920968,SEC31A,O94979-1_S532,O94979,S,532.0,83782816.0,Phosphoserine,Phosphorylation,33.0,45.0,33.0,SE,,,,,,,,,,,,,
460,SE_170,0.167,0.0352135920968,SEC31A,O94979-1_S527,O94979,S,527.0,83782831.0,Phosphoserine,Phosphorylation,48.0,30.0,30.0,SE,,,,,,,,,,,,,
461,SE_170,0.167,0.0352135920968,SEC31A,O94979-1_S521,O94979,S,521.0,83782849.0,Phosphoserine,Phosphorylation,66.0,12.0,12.0,SE,,,,,,,,,,,,,
462,SE_172,0.09,0.0355211287599,CTTN,Q14247-1_Y265,Q14247,Y,265.0,70267578.0,Phosphotyrosine,Phosphorylation,3.0,108.0,3.0,SE,,,,,,,,,,,,,
463,SE_172,0.09,0.0355211287599,CTTN,Q14247-1_K266,Q14247,K,266.0,70267581.0,Ubiquitination,Ubiquitination,6.0,105.0,6.0,SE,,,,,,,,,,,,,
464,SE_172,0.09,0.0355211287599,CTTN,Q14247-1_T267,Q14247,T,267.0,70267584.0,Phosphothreonine,Phosphorylation,9.0,102.0,9.0,SE,,,,,,,,,,,,,
465,SE_172,0.09,0.0355211287599,CTTN,Q14247-1_K272,Q14247,K,272.0,70267599.0,Methylation;N6-acetyllysine;Ubiquitination,Methylation,24.0,87.0,24.0,SE,,,,,,,,,,,,ACTB->DISRUPTS,
466,SE_172,0.09,0.0355211287599,CTTN,Q14247-1_K272,Q14247,K,272.0,70267599.0,Methylation;N6-acetyllysine;Ubiquitination,Acetylation,24.0,87.0,24.0,SE,"cell motility, inhibited",ACTB(DISRUPTS),,"molecular association, regulation; intracellular localization",,,,,,,,ACTB->DISRUPTS,
467,SE_172,0.09,0.0355211287599,CTTN,Q14247-1_K272,Q14247,K,272.0,70267599.0,Methylation;N6-acetyllysine;Ubiquitination,Ubiquitination,24.0,87.0,24.0,SE,,,,,,,,,,,,ACTB->DISRUPTS,
468,SE_172,0.09,0.0355211287599,CTTN,Q14247-1_S277,Q14247,S,277.0,70267614.0,Phosphoserine,Phosphorylation,39.0,72.0,39.0,SE,,,,,,,,,,,,,
469,SE_172,0.09,0.0355211287599,CTTN,Q14247-1_S282,Q14247,S,282.0,70267629.0,Phosphoserine,Phosphorylation,54.0,57.0,54.0,SE,,,,,,,,,,,,,
470,SE_172,0.09,0.0355211287599,CTTN,Q14247-1_Y289,Q14247,Y,289.0,70267650.0,Phosphotyrosine,Phosphorylation,75.0,36.0,36.0,SE,,,,,,,,,,,,,
471,SE_172,0.09,0.0355211287599,CTTN,Q14247-1_K290,Q14247,K,290.0,70267653.0,N6-acetyllysine;Ubiquitination,Acetylation,78.0,33.0,33.0,SE,,,,,,,,,,,,,
472,SE_172,0.09,0.0355211287599,CTTN,Q14247-1_K290,Q14247,K,290.0,70267653.0,N6-acetyllysine;Ubiquitination,Ubiquitination,78.0,33.0,33.0,SE,,,,,,,,,,,,,
473,SE_172,0.09,0.0355211287599,CTTN,Q14247-1_K295,Q14247,K,295.0,70267668.0,N6-acetyllysine;Sumoylation,Acetylation,93.0,18.0,18.0,SE,,,,,,,,,,,,,
474,SE_172,0.09,0.0355211287599,CTTN,Q14247-1_K295,Q14247,K,295.0,70267668.0,N6-acetyllysine;Sumoylation,Sumoylation,93.0,18.0,18.0,SE,,,,,,,,,,,,,
475,SE_172,0.09,0.0355211287599,CTTN,Q14247-1_S298,Q14247,S,298.0,70267677.0,Phosphoserine,Phosphorylation,102.0,9.0,9.0,SE,"cell motility, altered; cytoskeletal reorganization; cell adhesion, inhibited",14-3-3 beta(INDUCES); CTNNB1(DISRUPTS); Vinculin(DISRUPTS),,"molecular association, regulation; phosphorylation",,,,,CTNNB1->Inhibit;VCL->Inhibit;YWHAB->Enhance,,,CTNNB1->DISRUPTS;VCL->DISRUPTS;YWHAB->INDUCES,
476,SE_175,-0.058,0.0370944678422,TRIM2,Q9C040-1_S10,Q9C040,S,10.0,154191565.0,Phosphoserine,Phosphorylation,79.0,106.0,79.0,SE,,,,,,,,,,,,,
477,SE_176,-0.07,0.0458775672499,BCAR1,P56945-1_S300,P56945,S,300.0,75270794.0,Phosphoserine,Phosphorylation,69.0,102.0,69.0,SE,,,,,,,,,,,,,
478,SE_176,-0.07,0.0458775672499,BCAR1,P56945-1_S292,P56945,S,292.0,75270818.0,Phosphoserine,Phosphorylation,93.0,78.0,78.0,SE,,,,,,,,,,,,,
479,SE_176,-0.07,0.0458775672499,BCAR1,P56945-1_Y287,P56945,Y,287.0,75270833.0,Phosphotyrosine,Phosphorylation,108.0,63.0,63.0,SE,"cell growth, induced",,,,breast cancer->increased,,,,,,SRC,SRC->REGULATES,SRC
480,SE_176,-0.07,0.0458775672499,BCAR1,P56945-1_T269,P56945,T,269.0,75270887.0,Phosphothreonine,Phosphorylation,162.0,9.0,9.0,SE,,,,,,,,,,,,,
481,SE_176,-0.07,0.0458775672499,BCAR1,P56945-1_Y267,P56945,Y,267.0,75270893.0,Phosphotyrosine,Phosphorylation,168.0,3.0,3.0,SE,"cell growth, induced",,,,breast cancer->increased,,,,,,SRC,SRC->REGULATES,SRC
482,SE_178,0.197,0.0495204385612,CD47,Q08722-1_K317,Q08722,K,317.0,107768484.0,Ubiquitination,Ubiquitination,19.0,14.0,14.0,SE,,,,,,,,,,,,,
483,SE_178,0.197,0.0495204385612,CD47,Q08722-1_S316,Q08722,S,316.0,107768487.0,Phosphoserine,Phosphorylation,22.0,11.0,11.0,SE,,,,,,,,,,,,,
484,SE_178,0.197,0.0495204385612,CD47,Q08722-1_K314,Q08722,K,314.0,107768493.0,Ubiquitination,Ubiquitination,28.0,5.0,5.0,SE,,,,,,,,,,,,,
485,5ASS_3,0.174,2.39143669866e-07,SMARCB1,Q12824-1_K77,Q12824,K,77.0,24134078.0,N6-acetyllysine;Ubiquitination,Acetylation,24.0,3.0,3.0,5ASS,,,,,,,,,,,,,
486,5ASS_3,0.174,2.39143669866e-07,SMARCB1,Q12824-1_K77,Q12824,K,77.0,24134078.0,N6-acetyllysine;Ubiquitination,Ubiquitination,24.0,3.0,3.0,5ASS,,,,,,,,,,,,,
487,3ASS_5,0.395,0.0471140588125,SP100,P23497-1_K486,P23497,K,486.0,231338065.0,N6-acetyllysine,Acetylation,27.0,33.0,27.0,3ASS,,,,,,,,,,,,,
488,3ASS_6,0.211,0.0471140588125,CSF1,P09603-1_S256,P09603,S,256.0,110466009.0,N-Glycosylation,Glycosylation,222.0,672.0,222.0,3ASS,,,,,,,,,,,,,
489,3ASS_6,0.211,0.0471140588125,CSF1,P09603-1_T257,P09603,T,257.0,110466012.0,N-Glycosylation,Glycosylation,225.0,669.0,225.0,3ASS,,,,,,,,,,,,,
490,3ASS_6,0.211,0.0471140588125,CSF1,P09603-1_T266,P09603,T,266.0,110466039.0,Phosphothreonine;N-Glycosylation,Glycosylation,252.0,642.0,252.0,3ASS,,,,,,,,,,,,,
491,3ASS_6,0.211,0.0471140588125,CSF1,P09603-1_T266,P09603,T,266.0,110466039.0,Phosphothreonine;N-Glycosylation,Phosphorylation,252.0,642.0,252.0,3ASS,,,,,,,,,,,,,
492,3ASS_6,0.211,0.0471140588125,CSF1,P09603-1_S309,P09603,S,309.0,110466168.0,O-Glycosylation,Glycosylation,381.0,513.0,381.0,3ASS,,,,,,,,,,,,,
493,3ASS_6,0.211,0.0471140588125,CSF1,P09603-1_S345,P09603,S,345.0,110466276.0,Phosphoserine,Phosphorylation,489.0,405.0,405.0,3ASS,,,,,,,,,,,,,
494,3ASS_6,0.211,0.0471140588125,CSF1,P09603-1_S348,P09603,S,348.0,110466285.0,Phosphoserine,Phosphorylation,498.0,396.0,396.0,3ASS,,,,,,,,,,,,,
495,3ASS_6,0.211,0.0471140588125,CSF1,P09603-1_S353,P09603,S,353.0,110466300.0,Phosphoserine,Phosphorylation,513.0,381.0,381.0,3ASS,,,,,,,,,,,,,
496,3ASS_6,0.211,0.0471140588125,CSF1,P09603-1_T363,P09603,T,363.0,110466330.0,O-Glycosylation;N-Glycosylation,Glycosylation,543.0,351.0,351.0,3ASS,,,,,,,,,,,,,
497,3ASS_6,0.211,0.0471140588125,CSF1,P09603-1_T365,P09603,T,365.0,110466336.0,O-Glycosylation;N-Glycosylation,Glycosylation,549.0,345.0,345.0,3ASS,,,,,,,,,,,,,
498,3ASS_6,0.211,0.0471140588125,CSF1,P09603-1_T376,P09603,T,376.0,110466369.0,N-Glycosylation,Glycosylation,582.0,312.0,312.0,3ASS,,,,,,,,,,,,,
499,3ASS_6,0.211,0.0471140588125,CSF1,P09603-1_T383,P09603,T,383.0,110466390.0,N-Glycosylation,Glycosylation,603.0,291.0,291.0,3ASS,,,,,,,,,,,,,
500,3ASS_6,0.211,0.0471140588125,CSF1,P09603-1_T387,P09603,T,387.0,110466402.0,N-Glycosylation,Glycosylation,615.0,279.0,279.0,3ASS,,,,,,,,,,,,,
501,3ASS_6,0.211,0.0471140588125,CSF1,P09603-1_S391,P09603,S,391.0,110466414.0,N-Glycosylation,Glycosylation,627.0,267.0,267.0,3ASS,,,,,,,,,,,,,
502,3ASS_6,0.211,0.0471140588125,CSF1,P09603-1_S420,P09603,S,420.0,110466501.0,Phosphoserine,Phosphorylation,714.0,180.0,180.0,3ASS,,,,,,,,,,,,,
503,3ASS_6,0.211,0.0471140588125,CSF1,P09603-1_S426,P09603,S,426.0,110466519.0,Phosphoserine,Phosphorylation,732.0,162.0,162.0,3ASS,,,,,,,,,,,,,
504,3ASS_6,0.211,0.0471140588125,CSF1,P09603-1_S428,P09603,S,428.0,110466525.0,N-Glycosylation,Glycosylation,738.0,156.0,156.0,3ASS,,,,,,,,,,,,,
505,3ASS_6,0.211,0.0471140588125,CSF1,P09603-1_S430,P09603,S,430.0,110466531.0,N-Glycosylation,Glycosylation,744.0,150.0,150.0,3ASS,,,,,,,,,,,,,
506,3ASS_6,0.211,0.0471140588125,CSF1,P09603-1_S431,P09603,S,431.0,110466534.0,N-Glycosylation,Glycosylation,747.0,147.0,147.0,3ASS,,,,,,,,,,,,,
507,3ASS_6,0.211,0.0471140588125,CSF1,P09603-1_S433,P09603,S,433.0,110466540.0,N-Glycosylation,Glycosylation,753.0,141.0,141.0,3ASS,,,,,,,,,,,,,
508,3ASS_6,0.211,0.0471140588125,CSF1,P09603-1_S451,P09603,S,451.0,110466594.0,N-Glycosylation,Glycosylation,807.0,87.0,87.0,3ASS,,,,,,,,,,,,,
509,3ASS_6,0.211,0.0471140588125,CSF1,P09603-1_S461,P09603,S,461.0,110466624.0,Phosphoserine;N-Glycosylation,Glycosylation,837.0,57.0,57.0,3ASS,,,,,,,,,,,,,
510,3ASS_6,0.211,0.0471140588125,CSF1,P09603-1_S461,P09603,S,461.0,110466624.0,Phosphoserine;N-Glycosylation,Phosphorylation,837.0,57.0,57.0,3ASS,,,,,,,,,,,,,
511,3ASS_6,0.211,0.0471140588125,CSF1,P09603-1_S473,P09603,S,473.0,110466660.0,N-Glycosylation,Glycosylation,873.0,21.0,21.0,3ASS,,,,,,,,,,,,,
512,3ASS_6,0.211,0.0471140588125,CSF1,P09603-1_T477,P09603,T,477.0,110466672.0,N-Glycosylation,Glycosylation,885.0,9.0,9.0,3ASS,,,,,,,,,,,,,
513,RI_3,-0.163,0.00840988186303,C9orf89,Q96LW7-2_S104,Q96LW7-2,S,104.0,95874166.0,Phosphoserine,Phosphorylation,1163.0,333.0,333.0,RI,,,,,,,,,,,,,
514,RI_3,-0.163,0.00840988186303,C9orf89,Q96LW7-2_T107,Q96LW7-2,T,107.0,95874175.0,Phosphothreonine,Phosphorylation,1172.0,324.0,324.0,RI,,,,,,,,,,,,,
515,RI_3,-0.163,0.00840988186303,C9orf89,Q96LW7-2_S111,Q96LW7-2,S,111.0,95874187.0,Phosphoserine,Phosphorylation,1184.0,312.0,312.0,RI,,,,,,,,,,,,,
516,RI_3,-0.163,0.00840988186303,C9orf89,Q96LW7-2_S113,Q96LW7-2,S,113.0,95874193.0,Phosphoserine,Phosphorylation,1190.0,306.0,306.0,RI,,,,,,,,,,,,,
517,RI_3,-0.163,0.00840988186303,C9orf89,Q96LW7-2_S115,Q96LW7-2,S,115.0,95874199.0,Phosphoserine,Phosphorylation,1196.0,300.0,300.0,RI,,,,,,,,,,,,,
518,MXE_0,-0.185,0.0,MLPH,Q9BV36-1_S295,Q9BV36,S,295.0,238436022.0,Phosphoserine,Phosphorylation,3.0,137.0,3.0,MXE (First Exon),,,,,,,,,,,,,
519,MXE_0,-0.185,0.0,MLPH,Q9BV36-1_T313,Q9BV36,T,313.0,238436076.0,Phosphothreonine,Phosphorylation,57.0,83.0,57.0,MXE (First Exon),,,,,,,,,,,,,
520,MXE_0,-0.185,0.0,MLPH,Q9BV36-1_S314,Q9BV36,S,314.0,238436079.0,Phosphoserine,Phosphorylation,60.0,80.0,60.0,MXE (First Exon),,,,,,,,,,,,,
521,MXE_0,-0.185,0.0,MLPH,Q9BV36-1_S318,Q9BV36,S,318.0,238436091.0,Phosphoserine,Phosphorylation,72.0,68.0,68.0,MXE (First Exon),,,,,,,,,,,,,
522,MXE_0,-0.185,0.0,MLPH,Q9BV36-1_S326,Q9BV36,S,326.0,238436115.0,Phosphoserine,Phosphorylation,96.0,44.0,44.0,MXE (First Exon),,,,,,,,,,,,,
523,MXE_0,-0.185,0.0,MLPH,Q9BV36-2_S336;Q9BV36-1_S336,Q9BV36,S,336.0,238436145.0,Phosphoserine,Phosphorylation,126.0,14.0,14.0,MXE (First Exon),,,,,,,,,,,,,
524,MXE_0,-0.185,0.0,MLPH,Q9BV36-2_S337;Q9BV36-1_S337,Q9BV36,S,337.0,238436148.0,Phosphoserine,Phosphorylation,129.0,11.0,11.0,MXE (First Exon),,,,,,,,,,,,,
525,MXE_0,-0.185,0.0,MLPH,Q9BV36-1_S339,Q9BV36,S,339.0,238436154.0,Phosphoserine,Phosphorylation,135.0,5.0,5.0,MXE (First Exon),,,,,,,,,,,,,
526,MXE_2,0.098,0.0,ADAM15,Q13444-5_K759;Q13444-12_K769;Q13444-11_K465;Q13444-2_K759,Q13444-5,K,759.0,155033306.0,Ubiquitination,Ubiquitination,68.0,2.0,2.0,MXE (First Exon),,,,,,,,,,,,,
527,MXE_3,0.053,0.0,ADAM15,Q13444-5_K759;Q13444-12_K769;Q13444-11_K465;Q13444-2_K759,Q13444-5,K,759.0,155033306.0,Ubiquitination,Ubiquitination,68.0,2.0,2.0,MXE (First Exon),,,,,,,,,,,,,
528,MXE_4,-0.414,0.0,ADAM15,Q13444-1_S762,Q13444,S,762.0,155033897.0,Phosphoserine,Phosphorylation,4.0,68.0,4.0,MXE (First Exon),,,,,,,,,,,,,
529,MXE_5,-0.593,0.0,ADAM15,Q13444-1_S762,Q13444,S,762.0,155033897.0,Phosphoserine,Phosphorylation,4.0,68.0,4.0,MXE (First Exon),,,,,,,,,,,,,
530,MXE_6,-0.408,2.12306362967e-12,ADAM15,Q13444-1_S762,Q13444,S,762.0,155033897.0,Phosphoserine,Phosphorylation,7.0,68.0,7.0,MXE (First Exon),,,,,,,,,,,,,
531,MXE_7,0.181,3.15805714912e-12,ADAM15,Q13444-1_Y715,Q13444,Y,715.0,155032755.0,Phosphotyrosine,Phosphorylation,75.0,64.0,64.0,MXE (First Exon),,,,,,,,,,,HCK;LCK;SRC_group;SRC,HCK->REGULATES;LCK->REGULATES;SRC->REGULATES,HCK;SRC;SRC_GROUP;LCK
532,MXE_7,0.181,3.15805714912e-12,ADAM15,Q13444-1_K729,Q13444,K,729.0,155032797.0,Ubiquitination,Ubiquitination,117.0,22.0,22.0,MXE (First Exon),,,,,,,,,,,,,
533,MXE_7,0.181,3.15805714912e-12,ADAM15,Q13444-1_Y735,Q13444,Y,735.0,155032815.0,Phosphotyrosine,Phosphorylation,135.0,4.0,4.0,MXE (First Exon),,,,,,,,,,,HCK;SRC_group;SRC,HCK->REGULATES;SRC->REGULATES,HCK;SRC_GROUP;SRC
534,MXE_7,0.181,3.15805714912e-12,ADAM15,Q13444-10_S736,Q13444-10,S,736.0,155032818.0,Phosphoserine,Phosphorylation,138.0,1.0,1.0,MXE (First Exon),,,,,,,,,,,,,
535,MXE_8,-0.227,3.33046642857e-08,CD44,P16070-1_S291,P16070,S,291.0,35219742.0,Phosphoserine,Phosphorylation,75.0,51.0,51.0,MXE (First Exon),,,,,,,,,,,PKC_group,,PKC_GROUP
536,MXE_8,-0.227,3.33046642857e-08,CD44,P16070-1_S305,P16070,S,305.0,35219784.0,Phosphoserine,Phosphorylation,117.0,9.0,9.0,MXE (First Exon),,,,,,,,,,,,,
537,MXE_11,0.172,8.55405601629e-07,EXOC7,Q9UPT5-3_S340,Q9UPT5,S,340.0,74086446.0,Phosphoserine,Phosphorylation,37.0,32.0,32.0,MXE (First Exon),,,,,,,,,,,,,
538,MXE_11,0.172,8.55405601629e-07,EXOC7,Q9UPT5-3_K337,Q9UPT5,K,337.0,74086455.0,Ubiquitination,Ubiquitination,46.0,23.0,23.0,MXE (First Exon),,,,,,,,,,,,,
539,MXE_13,-0.159,3.06114021442e-06,CD44,P16070-1_S291,P16070,S,291.0,35219742.0,Phosphoserine,Phosphorylation,75.0,51.0,51.0,MXE (First Exon),,,,,,,,,,,PKC_group,,PKC_GROUP
540,MXE_13,-0.159,3.06114021442e-06,CD44,P16070-1_S305,P16070,S,305.0,35219784.0,Phosphoserine,Phosphorylation,117.0,9.0,9.0,MXE (First Exon),,,,,,,,,,,,,
541,MXE_15,-0.382,7.40878646732e-06,RALGPS2,Q86X27-1_Y420,Q86X27,Y,420.0,178861375.0,Phosphotyrosine,Phosphorylation,11.0,67.0,11.0,MXE (First Exon),,,,,,,,,,,,,
542,MXE_15,-0.382,7.40878646732e-06,RALGPS2,Q86X27-1_S422,Q86X27,S,422.0,178861381.0,Phosphoserine,Phosphorylation,17.0,61.0,17.0,MXE (First Exon),,,,,,,,,,,,,
543,MXE_18,-0.444,2.005452226e-05,FGFR2,P21802-1_S347,P21802,S,347.0,123276878.0,Phosphoserine,Phosphorylation,46.0,99.0,46.0,MXE (First Exon),,,,,,,,,,,,,
544,MXE_18,-0.444,2.005452226e-05,FGFR2,P21802-1_N331,P21802,N,331.0,123276926.0,N-Glycosylation,Glycosylation,94.0,51.0,51.0,MXE (First Exon),,,,,,,,,,,,,
545,MXE_18,-0.444,2.005452226e-05,FGFR2,P21802-1_N318,P21802,N,318.0,123276965.0,N-Glycosylation,Glycosylation,133.0,12.0,12.0,MXE (First Exon),,,,,,,,,,,,,
546,MXE_19,0.125,9.26197425234e-05,RALGPS2,Q86X27-1_T477,Q86X27,T,477.0,178863157.0,Phosphothreonine,Phosphorylation,104.0,2.0,2.0,MXE (First Exon),,,,,,,,,,,,,
547,MXE_20,-0.153,0.000107125147275,SCRIB,Q14160-1_S764,Q14160,S,764.0,144888633.0,Phosphoserine,Phosphorylation,57.0,21.0,21.0,MXE (First Exon),,,,,,,,,,,,,
548,MXE_20,-0.153,0.000107125147275,SCRIB,Q14160-1_S761,Q14160,S,761.0,144888642.0,Phosphoserine,Phosphorylation,66.0,12.0,12.0,MXE (First Exon),,,,,,,,,,,,,
549,MXE_21,-0.076,0.000201574112806,DNM2,P50570-1_T400,P50570,T,400.0,10906738.0,Phosphothreonine,Phosphorylation,2.0,137.0,2.0,MXE (First Exon),,,,,,,,,,,,,
550,MXE_21,-0.076,0.000201574112806,DNM2,P50570-1_T404,P50570,T,404.0,10906750.0,Phosphothreonine,Phosphorylation,14.0,125.0,14.0,MXE (First Exon),,,,,,,,,,,,,
551,MXE_21,-0.076,0.000201574112806,DNM2,P50570-1_K414,P50570,K,414.0,10906780.0,Ubiquitination,Ubiquitination,44.0,95.0,44.0,MXE (First Exon),,,,,,,,,,,,,
552,MXE_22,-0.052,0.000237790867106,ADAM15,Q13444-1_Y715,Q13444,Y,715.0,155032755.0,Phosphotyrosine,Phosphorylation,75.0,64.0,64.0,MXE (First Exon),,,,,,,,,,,HCK;LCK;SRC_group;SRC,HCK->REGULATES;LCK->REGULATES;SRC->REGULATES,HCK;SRC;SRC_GROUP;LCK
553,MXE_22,-0.052,0.000237790867106,ADAM15,Q13444-1_K729,Q13444,K,729.0,155032797.0,Ubiquitination,Ubiquitination,117.0,22.0,22.0,MXE (First Exon),,,,,,,,,,,,,
554,MXE_22,-0.052,0.000237790867106,ADAM15,Q13444-1_Y735,Q13444,Y,735.0,155032815.0,Phosphotyrosine,Phosphorylation,135.0,4.0,4.0,MXE (First Exon),,,,,,,,,,,HCK;SRC_group;SRC,HCK->REGULATES;SRC->REGULATES,HCK;SRC_GROUP;SRC
555,MXE_22,-0.052,0.000237790867106,ADAM15,Q13444-10_S736,Q13444-10,S,736.0,155032818.0,Phosphoserine,Phosphorylation,138.0,1.0,1.0,MXE (First Exon),,,,,,,,,,,,,
556,MXE_24,0.133,0.000619892263569,RAB6A,P20340-1_Y82,P20340,Y,82.0,73429703.0,O-AMP-tyrosine,AMP,46.0,60.0,46.0,MXE (First Exon),,,,,,,,,,,,,
557,MXE_24,0.133,0.000619892263569,RAB6A,P20340-1_S77,P20340,S,77.0,73429718.0,Phosphoserine,Phosphorylation,61.0,45.0,45.0,MXE (First Exon),,,,,,,,,,,,,
558,MXE_24,0.133,0.000619892263569,RAB6A,P20340-1_T69,P20340,T,69.0,73429742.0,Phosphothreonine,Phosphorylation,85.0,21.0,21.0,MXE (First Exon),,,,,,,,,,,,,
559,MXE_25,0.096,0.000718194950595,ENAH,Q8N8S7-1_K574,Q8N8S7,K,574.0,225686067.0,Ubiquitination,Ubiquitination,19.0,39.0,19.0,MXE (First Exon),,,,,,,,,,,,,
560,MXE_26,0.178,0.000729115568858,EPB41,P11171-1_T734,P11171,T,734.0,29424334.0,Phosphothreonine,Phosphorylation,16.0,113.0,16.0,MXE (First Exon),,,,,,,,,,,,,
561,MXE_26,0.178,0.000729115568858,EPB41,P11171-1_T736,P11171,T,736.0,29424340.0,Phosphothreonine,Phosphorylation,22.0,107.0,22.0,MXE (First Exon),,,,,,,,,,,,,
562,MXE_26,0.178,0.000729115568858,EPB41,P11171-1_T738,P11171,T,738.0,29424346.0,Phosphothreonine,Phosphorylation,28.0,101.0,28.0,MXE (First Exon),,,,,,,,,,,,,
563,MXE_26,0.178,0.000729115568858,EPB41,P11171-1_K747,P11171,K,747.0,29424373.0,Ubiquitination,Ubiquitination,55.0,74.0,55.0,MXE (First Exon),,,,,,,,,,,,,
564,MXE_26,0.178,0.000729115568858,EPB41,P11171-4_T524,P11171-4,T,524.0,29424430.0,Phosphothreonine,Phosphorylation,112.0,17.0,17.0,MXE (First Exon),,,,,,,,,,,,,
565,MXE_26,0.178,0.000729115568858,EPB41,P11171-4_Y525;P11171-1_Y767,P11171,Y,767.0,29424433.0,Phosphotyrosine,Phosphorylation,115.0,14.0,14.0,MXE (First Exon),,,,,,,,,,,,,
566,MXE_28,-0.273,0.00365928633895,ADAM15,Q13444-1_S762,Q13444,S,762.0,155033897.0,Phosphoserine,Phosphorylation,4.0,68.0,4.0,MXE (First Exon),,,,,,,,,,,,,
567,MXE_30,-0.264,0.00658528765036,ADAM15,Q13444-1_S762,Q13444,S,762.0,155033897.0,Phosphoserine,Phosphorylation,7.0,68.0,7.0,MXE (First Exon),,,,,,,,,,,,,
568,MXE_34,0.086,0.021388538494,PAM,P19021-1_K396,P19021,K,396.0,102309843.0,Ubiquitination,Ubiquitination,24.0,297.0,24.0,MXE (First Exon),,,,,,,,,,,,,
569,MXE_34,0.086,0.021388538494,PAM,P19021-1_K409,P19021,K,409.0,102309882.0,Ubiquitination,Ubiquitination,63.0,258.0,63.0,MXE (First Exon),,,,,,,,,,,,,
570,MXE_34,0.086,0.021388538494,PAM,P19021-1_T413,P19021,T,413.0,102309894.0,N-Glycosylation,Glycosylation,75.0,246.0,75.0,MXE (First Exon),,,,,,,,,,,,,
571,MXE_34,0.086,0.021388538494,PAM,P19021-1_K415,P19021,K,415.0,102309900.0,Ubiquitination,Ubiquitination,81.0,240.0,81.0,MXE (First Exon),,,,,,,,,,,,,
572,MXE_34,0.086,0.021388538494,PAM,P19021-1_K432,P19021,K,432.0,102309951.0,Ubiquitination,Ubiquitination,132.0,189.0,132.0,MXE (First Exon),,,,,,,,,,,,,
573,MXE_34,0.086,0.021388538494,PAM,P19021-1_S466,P19021,S,466.0,102310053.0,N-Glycosylation,Glycosylation,234.0,87.0,87.0,MXE (First Exon),,,,,,,,,,,,,
574,MXE_34,0.086,0.021388538494,PAM,P19021-1_T467,P19021,T,467.0,102310056.0,N-Glycosylation,Glycosylation,237.0,84.0,84.0,MXE (First Exon),,,,,,,,,,,,,
575,MXE_34,0.086,0.021388538494,PAM,P19021-1_S473,P19021,S,473.0,102310074.0,N-Glycosylation,Glycosylation,255.0,66.0,66.0,MXE (First Exon),,,,,,,,,,,,,
576,MXE_2,-0.098,0.0,ADAM15,Q13444-1_S806,Q13444,S,806.0,155034443.0,Phosphoserine,Phosphorylation,64.0,8.0,8.0,MXE (Second Exon),,,,,,,,,,,,,
577,MXE_3,-0.053,0.0,ADAM15,Q13444-1_S762,Q13444,S,762.0,155033897.0,Phosphoserine,Phosphorylation,4.0,68.0,4.0,MXE (Second Exon),,,,,,,,,,,,,
578,MXE_4,0.414,0.0,ADAM15,Q13444-1_S806,Q13444,S,806.0,155034443.0,Phosphoserine,Phosphorylation,64.0,150.0,64.0,MXE (Second Exon),,,,,,,,,,,,,
579,MXE_5,0.593,0.0,ADAM15,Q13444-1_S806,Q13444,S,806.0,155034443.0,Phosphoserine,Phosphorylation,64.0,150.0,64.0,MXE (Second Exon),,,,,,,,,,,,,
580,MXE_6,0.408,2.12306362967e-12,ADAM15,Q13444-1_S806,Q13444,S,806.0,155034443.0,Phosphoserine,Phosphorylation,64.0,150.0,64.0,MXE (Second Exon),,,,,,,,,,,,,
581,MXE_7,-0.181,3.15805714912e-12,ADAM15,Q13444-1_S806,Q13444,S,806.0,155034443.0,Phosphoserine,Phosphorylation,64.0,8.0,8.0,MXE (Second Exon),,,,,,,,,,,,,
582,MXE_9,0.096,3.94440594853e-08,CTSC,P53634-1_Y67,P53634,Y,67.0,88068224.0,Phosphotyrosine,Phosphorylation,120.0,26.0,26.0,MXE (Second Exon),,,,,,,,,,,,,
583,MXE_11,-0.172,8.55405601629e-07,EXOC7,Q9UPT5-1_K291,Q9UPT5-1,K,291.0,74087254.0,Ubiquitination,Ubiquitination,31.0,62.0,31.0,MXE (Second Exon),,,,,,,,,,,,,
584,MXE_11,-0.172,8.55405601629e-07,EXOC7,Q9UPT5-3_S283,Q9UPT5,S,283.0,74087278.0,Phosphoserine,Phosphorylation,55.0,38.0,38.0,MXE (Second Exon),,,,,,,,,,,,,
585,MXE_11,-0.172,8.55405601629e-07,EXOC7,Q9UPT5-3_K280,Q9UPT5,K,280.0,74087287.0,Ubiquitination,Ubiquitination,64.0,29.0,29.0,MXE (Second Exon),,,,,,,,,,,,,
586,MXE_11,-0.172,8.55405601629e-07,EXOC7,Q9UPT5-3_K274,Q9UPT5,K,274.0,74087305.0,Ubiquitination,Ubiquitination,82.0,11.0,11.0,MXE (Second Exon),,,,,,,,,,,,,
587,MXE_11,-0.172,8.55405601629e-07,EXOC7,Q9UPT5-3_T271,Q9UPT5,T,271.0,74087314.0,Phosphothreonine,Phosphorylation,91.0,2.0,2.0,MXE (Second Exon),,,,,,,,,,,,,
588,MXE_13,0.159,3.06114021442e-06,CD44,P16070-1_T541,P16070,T,541.0,35232807.0,N-Glycosylation,Glycosylation,15.0,189.0,15.0,MXE (Second Exon),,,,,,,,,,,,,
589,MXE_13,0.159,3.06114021442e-06,CD44,P16070-1_N548,P16070,N,548.0,35232828.0,N-Glycosylation,Glycosylation,36.0,168.0,36.0,MXE (Second Exon),,,,,,,,,,,,,
590,MXE_13,0.159,3.06114021442e-06,CD44,P16070-1_S550,P16070,S,550.0,35232834.0,N-Glycosylation,Glycosylation,42.0,162.0,42.0,MXE (Second Exon),,,,,,,,,,,,,
591,MXE_13,0.159,3.06114021442e-06,CD44,P16070-1_S553,P16070,S,553.0,35232843.0,N-Glycosylation,Glycosylation,51.0,153.0,51.0,MXE (Second Exon),,,,,,,,,,,,,
592,MXE_13,0.159,3.06114021442e-06,CD44,P16070-1_T554,P16070,T,554.0,35232846.0,N-Glycosylation,Glycosylation,54.0,150.0,54.0,MXE (Second Exon),,,,,,,,,,,,,
593,MXE_13,0.159,3.06114021442e-06,CD44,P16070-1_T555,P16070,T,555.0,35232849.0,N-Glycosylation,Glycosylation,57.0,147.0,57.0,MXE (Second Exon),,,,,,,,,,,,,
594,MXE_13,0.159,3.06114021442e-06,CD44,P16070-1_Y560,P16070,Y,560.0,35232864.0,N-Glycosylation,Glycosylation,72.0,132.0,72.0,MXE (Second Exon),,,,,,,,,,,,,
595,MXE_13,0.159,3.06114021442e-06,CD44,P16070-1_T561,P16070,T,561.0,35232867.0,N-Glycosylation,Glycosylation,75.0,129.0,75.0,MXE (Second Exon),,,,,,,,,,,,,
596,MXE_13,0.159,3.06114021442e-06,CD44,P16070-1_S562,P16070,S,562.0,35232870.0,N-Glycosylation,Glycosylation,78.0,126.0,78.0,MXE (Second Exon),,,,,,,,,,,,,
597,MXE_13,0.159,3.06114021442e-06,CD44,P16070-1_T567,P16070,T,567.0,35232885.0,N-Glycosylation,Glycosylation,93.0,111.0,93.0,MXE (Second Exon),,,,,,,,,,,,,
598,MXE_13,0.159,3.06114021442e-06,CD44,P16070-1_S570,P16070,S,570.0,35232894.0,N-Glycosylation,Glycosylation,102.0,102.0,102.0,MXE (Second Exon),,,,,,,,,,,,,
599,MXE_13,0.159,3.06114021442e-06,CD44,P16070-1_T572,P16070,T,572.0,35232900.0,Phosphothreonine;N-Glycosylation,Glycosylation,108.0,96.0,96.0,MXE (Second Exon),,,,,,,,,,,,,
600,MXE_13,0.159,3.06114021442e-06,CD44,P16070-1_T572,P16070,T,572.0,35232900.0,Phosphothreonine;N-Glycosylation,Phosphorylation,108.0,96.0,96.0,MXE (Second Exon),,,,,,,,,,,,,
601,MXE_13,0.159,3.06114021442e-06,CD44,P16070-1_T577,P16070,T,577.0,35232915.0,N-Glycosylation,Glycosylation,123.0,81.0,81.0,MXE (Second Exon),,,,,,,,,,,,,
602,MXE_13,0.159,3.06114021442e-06,CD44,P16070-1_S578,P16070,S,578.0,35232918.0,N-Glycosylation,Glycosylation,126.0,78.0,78.0,MXE (Second Exon),,,,,,,,,,,,,
603,MXE_13,0.159,3.06114021442e-06,CD44,P16070-1_T581,P16070,T,581.0,35232927.0,N-Glycosylation,Glycosylation,135.0,69.0,69.0,MXE (Second Exon),,,,,,,,,,,,,
604,MXE_13,0.159,3.06114021442e-06,CD44,P16070-1_S583,P16070,S,583.0,35232933.0,N-Glycosylation,Glycosylation,141.0,63.0,63.0,MXE (Second Exon),,,,,,,,,,,,,
605,MXE_13,0.159,3.06114021442e-06,CD44,P16070-1_T587,P16070,T,587.0,35232945.0,Phosphothreonine,Phosphorylation,153.0,51.0,51.0,MXE (Second Exon),,,,,,,,,,,,,
606,MXE_13,0.159,3.06114021442e-06,CD44,P16070-1_N599,P16070,N,599.0,35232981.0,N-Glycosylation,Glycosylation,189.0,15.0,15.0,MXE (Second Exon),,,,,,,,,,,,,
607,MXE_14,-0.496,3.06114021442e-06,KIAA1468,Q9P260-1_T991,Q9P260,T,991.0,59947596.0,Phosphothreonine,Phosphorylation,4.0,79.0,4.0,MXE (Second Exon),,,,,,,,,,,,,
608,MXE_14,-0.496,3.06114021442e-06,KIAA1468,Q9P260-1_K1002,Q9P260,K,1002.0,59947629.0,Ubiquitination,Ubiquitination,37.0,46.0,37.0,MXE (Second Exon),,,,,,,,,,,,,
609,MXE_15,0.382,7.40878646732e-06,RALGPS2,Q86X27-1_T477,Q86X27,T,477.0,178863157.0,Phosphothreonine,Phosphorylation,104.0,2.0,2.0,MXE (Second Exon),,,,,,,,,,,,,
610,MXE_20,0.153,0.000107125147275,SCRIB,Q14160-1_K752,Q14160,K,752.0,144889108.0,Ubiquitination,Ubiquitination,15.0,75.0,15.0,MXE (Second Exon),,,,,,,,,,,,,
611,MXE_20,0.153,0.000107125147275,SCRIB,Q14160-1_Y751,Q14160,Y,751.0,144889111.0,Phosphotyrosine,Phosphorylation,18.0,72.0,18.0,MXE (Second Exon),,,,,,,,,,,,,
612,MXE_20,0.153,0.000107125147275,SCRIB,Q14160-1_T749;Q14160-2_T668,Q14160,T,749.0,144889117.0,Phosphothreonine,Phosphorylation,24.0,66.0,24.0,MXE (Second Exon),,,,,,,,,,,,,
613,MXE_20,0.153,0.000107125147275,SCRIB,Q14160-1_S748,Q14160,S,748.0,144889120.0,Phosphoserine,Phosphorylation,27.0,63.0,27.0,MXE (Second Exon),,,,,,,,,,,,,
614,MXE_20,0.153,0.000107125147275,SCRIB,Q14160-1_S741,Q14160,S,741.0,144889141.0,Phosphoserine,Phosphorylation,48.0,42.0,42.0,MXE (Second Exon),,,,,,,,,,,,,
615,MXE_20,0.153,0.000107125147275,SCRIB,Q14160-1_T735,Q14160,T,735.0,144889159.0,Phosphothreonine,Phosphorylation,66.0,24.0,24.0,MXE (Second Exon),,,,,,,,,,,,,
616,MXE_20,0.153,0.000107125147275,SCRIB,Q14160-1_T730,Q14160,T,730.0,144889174.0,Phosphothreonine,Phosphorylation,81.0,9.0,9.0,MXE (Second Exon),,,,,,,,,,,,,
617,MXE_20,0.153,0.000107125147275,SCRIB,Q14160-1_T728,Q14160,T,728.0,144889180.0,Phosphothreonine,Phosphorylation,87.0,3.0,3.0,MXE (Second Exon),,,,,,,,,,,,,
618,MXE_22,0.052,0.000237790867106,ADAM15,Q13444-1_S806,Q13444,S,806.0,155034443.0,Phosphoserine,Phosphorylation,64.0,150.0,64.0,MXE (Second Exon),,,,,,,,,,,,,
619,MXE_25,-0.096,0.000718194950595,ENAH,Q8N8S7-1_K559,Q8N8S7,K,559.0,225688699.0,Ubiquitination,Ubiquitination,6.0,73.0,6.0,MXE (Second Exon),,,,,,,,,,,,,
620,MXE_25,-0.096,0.000718194950595,ENAH,Q8N8S7-1_S544,Q8N8S7,S,544.0,225688744.0,Phosphoserine,Phosphorylation,51.0,28.0,28.0,MXE (Second Exon),,,,,,,,,,,,,
621,MXE_25,-0.096,0.000718194950595,ENAH,Q8N8S7-1_S541,Q8N8S7,S,541.0,225688753.0,Phosphoserine,Phosphorylation,60.0,19.0,19.0,MXE (Second Exon),,,,,,,,,,,,,
622,MXE_25,-0.096,0.000718194950595,ENAH,Q8N8S7-1_T538,Q8N8S7,T,538.0,225688762.0,Phosphothreonine,Phosphorylation,69.0,10.0,10.0,MXE (Second Exon),,,,,,,,,,,,,
623,MXE_25,-0.096,0.000718194950595,ENAH,Q8N8S7-1_S537,Q8N8S7,S,537.0,225688765.0,Phosphoserine,Phosphorylation,72.0,7.0,7.0,MXE (Second Exon),,,,,,,,,,,,,
624,MXE_25,-0.096,0.000718194950595,ENAH,Q8N8S7-1_K536,Q8N8S7,K,536.0,225688768.0,Ubiquitination,Ubiquitination,75.0,4.0,4.0,MXE (Second Exon),,,,,,,,,,,,,
625,MXE_26,-0.178,0.000729115568858,EPB41,P11171-1_T786,P11171,T,786.0,29435890.0,Phosphothreonine,Phosphorylation,43.0,59.0,43.0,MXE (Second Exon),,,,,,,,,,,,,
626,MXE_26,-0.178,0.000729115568858,EPB41,P11171-1_S792,P11171,S,792.0,29435908.0,O-Glycosylation,Glycosylation,61.0,41.0,41.0,MXE (Second Exon),,,,,,,,,,,,,
627,MXE_26,-0.178,0.000729115568858,EPB41,P11171-1_T794,P11171,T,794.0,29435914.0,Phosphothreonine,Phosphorylation,67.0,35.0,35.0,MXE (Second Exon),,,,,,,,,,,,,
628,MXE_33,0.247,0.0161687939225,FGFR3,P22607-1_N315,P22607,N,315.0,1805431.0,N-Glycosylation,Glycosylation,13.0,132.0,13.0,MXE (Second Exon),,,,,,,,,,,,,
629,MXE_33,0.247,0.0161687939225,FGFR3,P22607-1_N328,P22607,N,328.0,1805470.0,N-Glycosylation,Glycosylation,52.0,93.0,52.0,MXE (Second Exon),,,,,,,,,,,,,
630,MXE_33,0.247,0.0161687939225,FGFR3,P22607-1_T338,P22607,T,338.0,1805500.0,Phosphothreonine,Phosphorylation,82.0,63.0,63.0,MXE (Second Exon),,,,,,,,,,,,,
631,MXE_35,-0.112,0.0233903490744,BIN1,O00499-2_T343,O00499-2,T,343.0,127815060.0,Phosphothreonine,Phosphorylation,12.0,117.0,12.0,MXE (Second Exon),,,,,,,,,,,,,
632,MXE_35,-0.112,0.0233903490744,BIN1,O00499-2_T334,O00499-2,T,334.0,127815087.0,Phosphothreonine,Phosphorylation,39.0,90.0,39.0,MXE (Second Exon),,,,,,,,,,,,,
633,MXE_35,-0.112,0.0233903490744,BIN1,O00499-1_T348,O00499,T,348.0,127815138.0,Phosphothreonine,Phosphorylation,90.0,39.0,39.0,MXE (Second Exon),signaling pathway regulation,Tau(INDUCES),,"molecular association, regulation; protein conformation",Alzheimer's disease->increased; molecular association,,,,MAPT->Enhance,,,MAPT->INDUCES,
